epsilon, step, reward
0.0, 0, 0.0
0.0, 1, -1.1399216829476586
0.0, 2, -1.373577693293414
0.0, 3, -0.08495602637608021
0.0, 4, -0.023761251402313322
0.0, 5, 0.403954273304947
0.0, 6, 0.5953723238266364
0.0, 7, 0.7501559231835695
0.0, 8, 0.888009477957029
0.0, 9, 0.9756170972928552
0.0, 10, 1.0036472991390104
0.0, 11, 1.0428348479457294
0.0, 12, 1.1245989648687447
0.0, 13, 1.1197705913942841
0.0, 14, 1.1336147064928066
0.0, 15, 1.1746202448195282
0.0, 16, 1.1746317469964735
0.0, 17, 1.2194142471817657
0.0, 18, 1.1833322308095324
0.0, 19, 1.216375035568244
0.0, 20, 1.2032501343934918
0.0, 21, 1.1773617444748774
0.0, 22, 1.2784749553544663
0.0, 23, 1.227905868096648
0.0, 24, 1.2415326227661876
0.0, 25, 1.2649520023068703
0.0, 26, 1.296754801389179
0.0, 27, 1.2971512527341291
0.0, 28, 1.2691562473503049
0.0, 29, 1.2481743126390477
0.0, 30, 1.2806473088383716
0.0, 31, 1.2624945291234937
0.0, 32, 1.2971116830640617
0.0, 33, 1.279122660365307
0.0, 34, 1.2917272291733066
0.0, 35, 1.269827399105978
0.0, 36, 1.2693395974589061
0.0, 37, 1.285811541362329
0.0, 38, 1.3189140100969625
0.0, 39, 1.2553441896905249
0.0, 40, 1.3108315078724482
0.0, 41, 1.2423211736721576
0.0, 42, 1.2906130355902568
0.0, 43, 1.3064555487204395
0.0, 44, 1.2989712818627763
0.0, 45, 1.3070459920444708
0.0, 46, 1.3145385564443206
0.0, 47, 1.3063915121825516
0.0, 48, 1.290365363792965
0.0, 49, 1.2964352141750486
0.0, 50, 1.3150972833971168
0.0, 51, 1.2969556112489227
0.0, 52, 1.3522471188479719
0.0, 53, 1.2912326644695094
0.0, 54, 1.3049761694149618
0.0, 55, 1.284770676438163
0.0, 56, 1.2983042209947149
0.0, 57, 1.3479144179979305
0.0, 58, 1.2916422505524596
0.0, 59, 1.2818581076407396
0.0, 60, 1.30851275125188
0.0, 61, 1.335611776071911
0.0, 62, 1.3181115919366422
0.0, 63, 1.2979810717880538
0.0, 64, 1.3087128358530815
0.0, 65, 1.3087625856700729
0.0, 66, 1.2959606570688187
0.0, 67, 1.3160289612694707
0.0, 68, 1.2935206994987256
0.0, 69, 1.3079043346048649
0.0, 70, 1.3637416694765214
0.0, 71, 1.2814657187557377
0.0, 72, 1.3098085771289274
0.0, 73, 1.3174153456848907
0.0, 74, 1.289962403575063
0.0, 75, 1.3158863146337005
0.0, 76, 1.3079814059482129
0.0, 77, 1.2995658004167867
0.0, 78, 1.2989461019483917
0.0, 79, 1.3212213151435346
0.0, 80, 1.3077594167704805
0.0, 81, 1.3281615347630464
0.0, 82, 1.3057439960287436
0.0, 83, 1.3143759548748941
0.0, 84, 1.327117210818929
0.0, 85, 1.2745110254292285
0.0, 86, 1.2920774768861494
0.0, 87, 1.3155641476842634
0.0, 88, 1.28291666099027
0.0, 89, 1.318328148221141
0.0, 90, 1.2911373615356818
0.0, 91, 1.3366479895100087
0.0, 92, 1.324361572445698
0.0, 93, 1.3039230388309657
0.0, 94, 1.3365013912036532
0.0, 95, 1.2679635019516515
0.0, 96, 1.3206759198793117
0.0, 97, 1.2866661473876755
0.0, 98, 1.3760332133616793
0.0, 99, 1.291783712443011
0.0, 100, 1.2973990293821005
0.0, 101, 1.322088644538291
0.0, 102, 1.3242439736186502
0.0, 103, 1.3459398492911627
0.0, 104, 1.3546064957282944
0.0, 105, 1.3606694184670436
0.0, 106, 1.308568885273186
0.0, 107, 1.3548618149174123
0.0, 108, 1.2986732608773188
0.0, 109, 1.3186900051052248
0.0, 110, 1.2981027547224453
0.0, 111, 1.3178250160615343
0.0, 112, 1.331327514976322
0.0, 113, 1.3270625959121594
0.0, 114, 1.3342960702275684
0.0, 115, 1.331669600789828
0.0, 116, 1.3257834294077429
0.0, 117, 1.3452525867168135
0.0, 118, 1.295769610238801
0.0, 119, 1.2964229347861453
0.0, 120, 1.3452579377691118
0.0, 121, 1.3179832204673325
0.0, 122, 1.3013521267741623
0.0, 123, 1.278872205234381
0.0, 124, 1.3071147280017255
0.0, 125, 1.337678215782491
0.0, 126, 1.3009846433387853
0.0, 127, 1.2997162083570908
0.0, 128, 1.320029012339799
0.0, 129, 1.3562485625676342
0.0, 130, 1.323293330560692
0.0, 131, 1.2827988370415162
0.0, 132, 1.3241049239008518
0.0, 133, 1.3554147421332001
0.0, 134, 1.3635556242798952
0.0, 135, 1.2773776771559822
0.0, 136, 1.3316336523800496
0.0, 137, 1.3246900159428308
0.0, 138, 1.3186213870390737
0.0, 139, 1.34255433879816
0.0, 140, 1.2937631809507284
0.0, 141, 1.318208433324432
0.0, 142, 1.3195361565612616
0.0, 143, 1.3223225637103884
0.0, 144, 1.340342435871072
0.0, 145, 1.2914269867536403
0.0, 146, 1.3213366196484126
0.0, 147, 1.3372766220350467
0.0, 148, 1.3337711889895418
0.0, 149, 1.3036635488809787
0.0, 150, 1.3288054883730613
0.0, 151, 1.32625290324818
0.0, 152, 1.3228464419579697
0.0, 153, 1.3095675201373513
0.0, 154, 1.3074937003890592
0.0, 155, 1.3335209993928387
0.0, 156, 1.3562715199761137
0.0, 157, 1.351702469969244
0.0, 158, 1.332037689229463
0.0, 159, 1.3285839773299082
0.0, 160, 1.317780036033589
0.0, 161, 1.322946054977968
0.0, 162, 1.3211743704312233
0.0, 163, 1.319265995758279
0.0, 164, 1.3121848160827196
0.0, 165, 1.333922381907788
0.0, 166, 1.4103609564413708
0.0, 167, 1.3517442723086903
0.0, 168, 1.2981725281398646
0.0, 169, 1.344077131457645
0.0, 170, 1.3406240258055766
0.0, 171, 1.2833110138858181
0.0, 172, 1.3445468766291855
0.0, 173, 1.2969205412766238
0.0, 174, 1.3123293636704583
0.0, 175, 1.317340784557604
0.0, 176, 1.3238281252852118
0.0, 177, 1.3127573330948739
0.0, 178, 1.3211206584993183
0.0, 179, 1.3450701758320167
0.0, 180, 1.3196450396514179
0.0, 181, 1.3103355417723994
0.0, 182, 1.2959956182094623
0.0, 183, 1.3649619201059338
0.0, 184, 1.303809064863028
0.0, 185, 1.3091917501615522
0.0, 186, 1.3077731772962724
0.0, 187, 1.3349823427724594
0.0, 188, 1.305120362833634
0.0, 189, 1.3211053643361816
0.0, 190, 1.3002014658519447
0.0, 191, 1.3007368524151464
0.0, 192, 1.3041903245658726
0.0, 193, 1.3304607925713114
0.0, 194, 1.346553675175557
0.0, 195, 1.338252004150062
0.0, 196, 1.308474897681195
0.0, 197, 1.3559819465352096
0.0, 198, 1.2708687883189025
0.0, 199, 1.3393123921583776
0.0, 200, 1.3180709831434188
0.0, 201, 1.2730395429903212
0.0, 202, 1.3465057966192229
0.0, 203, 1.3723763284919843
0.0, 204, 1.3099305662072749
0.0, 205, 1.3008346511217315
0.0, 206, 1.3466013794489557
0.0, 207, 1.3468159635001737
0.0, 208, 1.3144578681425156
0.0, 209, 1.3168158467058315
0.0, 210, 1.325494866876623
0.0, 211, 1.344107471509744
0.0, 212, 1.3480984169408694
0.0, 213, 1.3060717025201942
0.0, 214, 1.3386474049831203
0.0, 215, 1.364181631451531
0.0, 216, 1.3274994039527672
0.0, 217, 1.3183572808817963
0.0, 218, 1.3292630462611545
0.0, 219, 1.2897104529940842
0.0, 220, 1.331347027156273
0.0, 221, 1.321683571383861
0.0, 222, 1.2934586991631851
0.0, 223, 1.322142653047718
0.0, 224, 1.3369537821902893
0.0, 225, 1.3437108656228325
0.0, 226, 1.349783410428015
0.0, 227, 1.357297776733839
0.0, 228, 1.3253686737498251
0.0, 229, 1.3423599940802007
0.0, 230, 1.3270026098151924
0.0, 231, 1.3795441731814868
0.0, 232, 1.3534188401807388
0.0, 233, 1.297962292776319
0.0, 234, 1.3271752670331631
0.0, 235, 1.3300558953760615
0.0, 236, 1.3342955184116383
0.0, 237, 1.2990107833211995
0.0, 238, 1.325389046929748
0.0, 239, 1.3431533898105221
0.0, 240, 1.3277929954511127
0.0, 241, 1.345810664776779
0.0, 242, 1.293635485717426
0.0, 243, 1.3356988261879261
0.0, 244, 1.2976278136874952
0.0, 245, 1.303613631767348
0.0, 246, 1.3324607170831033
0.0, 247, 1.306474503957105
0.0, 248, 1.3174661449650267
0.0, 249, 1.3208769843717425
0.0, 250, 1.3223411870663833
0.0, 251, 1.3038191123375682
0.0, 252, 1.3230412544554775
0.0, 253, 1.2711497450644096
0.0, 254, 1.3196791812548991
0.0, 255, 1.2735281370733897
0.0, 256, 1.3531768422969026
0.0, 257, 1.3468113108851147
0.0, 258, 1.3223061520815416
0.0, 259, 1.333142123899063
0.0, 260, 1.3209419664925768
0.0, 261, 1.3085342263659205
0.0, 262, 1.3090697930835942
0.0, 263, 1.3060315581175543
0.0, 264, 1.325851923887851
0.0, 265, 1.353006693338494
0.0, 266, 1.3440260704505342
0.0, 267, 1.3039933591194204
0.0, 268, 1.319349783300372
0.0, 269, 1.3193307799930605
0.0, 270, 1.286179724358135
0.0, 271, 1.313296023570386
0.0, 272, 1.3108342771351957
0.0, 273, 1.3142964206908079
0.0, 274, 1.311781002489936
0.0, 275, 1.3221772954503361
0.0, 276, 1.3322266391940203
0.0, 277, 1.3108734372972162
0.0, 278, 1.321566339118192
0.0, 279, 1.286310424963111
0.0, 280, 1.3309369486957876
0.0, 281, 1.347353766997832
0.0, 282, 1.3035087685720539
0.0, 283, 1.34825906884556
0.0, 284, 1.2918624913166616
0.0, 285, 1.3359345577821562
0.0, 286, 1.3355893834744275
0.0, 287, 1.3340077229362792
0.0, 288, 1.315673309762174
0.0, 289, 1.287557547545473
0.0, 290, 1.3141013642867805
0.0, 291, 1.3839438837658737
0.0, 292, 1.3154682477369717
0.0, 293, 1.3166930723802535
0.0, 294, 1.3493641995885461
0.0, 295, 1.3097382793174255
0.0, 296, 1.3114500060870835
0.0, 297, 1.3042736307558236
0.0, 298, 1.3334131599759256
0.0, 299, 1.3275790205756033
0.0, 300, 1.354452351327458
0.0, 301, 1.3254756717588718
0.0, 302, 1.348867382208945
0.0, 303, 1.3609971337379356
0.0, 304, 1.326628012376081
0.0, 305, 1.32567989425874
0.0, 306, 1.3291128553007454
0.0, 307, 1.348467785535676
0.0, 308, 1.2967592468770002
0.0, 309, 1.3094830762585004
0.0, 310, 1.381879985035682
0.0, 311, 1.3173524238607484
0.0, 312, 1.3304675246432784
0.0, 313, 1.3346103057088023
0.0, 314, 1.3165742781986545
0.0, 315, 1.3318104682246439
0.0, 316, 1.2805578357473086
0.0, 317, 1.3348966331443621
0.0, 318, 1.3344611159584376
0.0, 319, 1.2996707178142937
0.0, 320, 1.3286299092706344
0.0, 321, 1.3307937316138514
0.0, 322, 1.3072545985038162
0.0, 323, 1.3015351359343144
0.0, 324, 1.3093029668944456
0.0, 325, 1.2898181807779672
0.0, 326, 1.30598659074924
0.0, 327, 1.3243722469658192
0.0, 328, 1.3328931395500152
0.0, 329, 1.3682595843348113
0.0, 330, 1.3283706513893192
0.0, 331, 1.33486633889669
0.0, 332, 1.311633004955173
0.0, 333, 1.3755988140091837
0.0, 334, 1.2840682568361559
0.0, 335, 1.3215223038184334
0.0, 336, 1.2964708194931067
0.0, 337, 1.3506894369647198
0.0, 338, 1.310841155811973
0.0, 339, 1.2842096970132968
0.0, 340, 1.3667147556557355
0.0, 341, 1.296709725558228
0.0, 342, 1.330701834624192
0.0, 343, 1.3187012952370745
0.0, 344, 1.3830940457138738
0.0, 345, 1.3148060275920528
0.0, 346, 1.3140626154646706
0.0, 347, 1.3201806923209685
0.0, 348, 1.3140710759244756
0.0, 349, 1.334391000839659
0.0, 350, 1.3429734228876036
0.0, 351, 1.3335051381467737
0.0, 352, 1.3109241592211447
0.0, 353, 1.3159795487080106
0.0, 354, 1.2794560823819523
0.0, 355, 1.3182339227384752
0.0, 356, 1.3401658912438719
0.0, 357, 1.329202909344872
0.0, 358, 1.3531008065054235
0.0, 359, 1.3203478734800318
0.0, 360, 1.273825236058119
0.0, 361, 1.332216655436978
0.0, 362, 1.3109070155100608
0.0, 363, 1.3057493653108099
0.0, 364, 1.3223399361880617
0.0, 365, 1.3275651955851202
0.0, 366, 1.3644450801565289
0.0, 367, 1.3186143587191899
0.0, 368, 1.290992876311944
0.0, 369, 1.3167137049751594
0.0, 370, 1.3353648746809008
0.0, 371, 1.3024897001673497
0.0, 372, 1.2842475960060675
0.0, 373, 1.3282535916276763
0.0, 374, 1.3144153369992564
0.0, 375, 1.3111889539544264
0.0, 376, 1.265859138084351
0.0, 377, 1.314834917494545
0.0, 378, 1.287170454606214
0.0, 379, 1.3455783805897492
0.0, 380, 1.3389630207324168
0.0, 381, 1.3112300125784861
0.0, 382, 1.3060443065887353
0.0, 383, 1.3102024227310938
0.0, 384, 1.3048781850887061
0.0, 385, 1.3565337577534917
0.0, 386, 1.3331135828865484
0.0, 387, 1.3349030750096407
0.0, 388, 1.3433663202792865
0.0, 389, 1.2969623221151423
0.0, 390, 1.3343373272579249
0.0, 391, 1.2862673968226577
0.0, 392, 1.272411307059984
0.0, 393, 1.3320155855958205
0.0, 394, 1.3238697493229779
0.0, 395, 1.3141161199376254
0.0, 396, 1.3095124564440985
0.0, 397, 1.3229222065006356
0.0, 398, 1.3234424726195804
0.0, 399, 1.277851826538476
0.0, 400, 1.3086660279383164
0.0, 401, 1.3302295147851264
0.0, 402, 1.2786442686779675
0.0, 403, 1.3460171153477218
0.0, 404, 1.3152314661826332
0.0, 405, 1.3544332683369829
0.0, 406, 1.3276824992986633
0.0, 407, 1.2883726455906035
0.0, 408, 1.3191749541266478
0.0, 409, 1.2930154999604435
0.0, 410, 1.3259860680699787
0.0, 411, 1.3113913922289762
0.0, 412, 1.2803807523845059
0.0, 413, 1.322562425569873
0.0, 414, 1.3133032473301576
0.0, 415, 1.3080495134422372
0.0, 416, 1.3066908729597209
0.0, 417, 1.3328953505319894
0.0, 418, 1.3466074706138496
0.0, 419, 1.2969091742995311
0.0, 420, 1.3353830277962615
0.0, 421, 1.3246146611688672
0.0, 422, 1.3299477690622312
0.0, 423, 1.311499036986191
0.0, 424, 1.3288442354713506
0.0, 425, 1.3244699971676912
0.0, 426, 1.3151418079322503
0.0, 427, 1.3128425356706561
0.0, 428, 1.2934723819602152
0.0, 429, 1.3536237736026053
0.0, 430, 1.2741525077479157
0.0, 431, 1.2859226545580673
0.0, 432, 1.3509784426018034
0.0, 433, 1.3316745442499214
0.0, 434, 1.33039813676361
0.0, 435, 1.310165819819576
0.0, 436, 1.3283786616162996
0.0, 437, 1.302472733525375
0.0, 438, 1.3452101369700884
0.0, 439, 1.3243971875485139
0.0, 440, 1.3263436435014422
0.0, 441, 1.2829841017214418
0.0, 442, 1.2984734395391808
0.0, 443, 1.342662248587181
0.0, 444, 1.3259522524367457
0.0, 445, 1.3512830970425584
0.0, 446, 1.3110757042448287
0.0, 447, 1.3220170844856873
0.0, 448, 1.3480473116303282
0.0, 449, 1.312141503588728
0.0, 450, 1.2949172050679996
0.0, 451, 1.3191454878229296
0.0, 452, 1.3280307041941435
0.0, 453, 1.3120817340821045
0.0, 454, 1.2661157458254715
0.0, 455, 1.308792327991735
0.0, 456, 1.3249932039341097
0.0, 457, 1.291910027959014
0.0, 458, 1.3214994397181463
0.0, 459, 1.329015944056297
0.0, 460, 1.3107299211737993
0.0, 461, 1.3293342522826015
0.0, 462, 1.3090271393192499
0.0, 463, 1.4027684010274868
0.0, 464, 1.3558103997212179
0.0, 465, 1.3345470229083924
0.0, 466, 1.3330798404514062
0.0, 467, 1.2874013062898906
0.0, 468, 1.3595279940574763
0.0, 469, 1.3413884145838983
0.0, 470, 1.354075289790497
0.0, 471, 1.328273525536088
0.0, 472, 1.3291222835405538
0.0, 473, 1.3464570948172072
0.0, 474, 1.3320063225035725
0.0, 475, 1.3342781011586922
0.0, 476, 1.3196292576933952
0.0, 477, 1.352734151393843
0.0, 478, 1.3404497683672258
0.0, 479, 1.3342888946849873
0.0, 480, 1.3612786237242969
0.0, 481, 1.2762075406393343
0.0, 482, 1.336362433943402
0.0, 483, 1.3420065641537569
0.0, 484, 1.321449683882355
0.0, 485, 1.2699236631631048
0.0, 486, 1.3043039799329295
0.0, 487, 1.3272227567434383
0.0, 488, 1.3097050985963976
0.0, 489, 1.3198083272105463
0.0, 490, 1.3436221416207015
0.0, 491, 1.2674976063180383
0.0, 492, 1.343050038654547
0.0, 493, 1.3706838950819757
0.0, 494, 1.3235139435429877
0.0, 495, 1.3462756929475055
0.0, 496, 1.3317564803535036
0.0, 497, 1.319392753514376
0.0, 498, 1.3430978065062071
0.0, 499, 1.3341715140805768
0.0, 500, 1.348412689097821
0.0, 501, 1.3340207338347765
0.0, 502, 1.3109972139148713
0.0, 503, 1.28922092230977
0.0, 504, 1.3082209801552893
0.0, 505, 1.342556813128208
0.0, 506, 1.304058842348788
0.0, 507, 1.2825335728609908
0.0, 508, 1.3374614421480735
0.0, 509, 1.3245923979144405
0.0, 510, 1.3315730604989133
0.0, 511, 1.3069950176950769
0.0, 512, 1.3213787554936052
0.0, 513, 1.3200672727563028
0.0, 514, 1.3419046138442317
0.0, 515, 1.3149613850118476
0.0, 516, 1.3465382683509328
0.0, 517, 1.3519165950859355
0.0, 518, 1.302937974517287
0.0, 519, 1.281684419709283
0.0, 520, 1.3417482720702378
0.0, 521, 1.3304097299070943
0.0, 522, 1.3287574774305848
0.0, 523, 1.325169240343516
0.0, 524, 1.3432621016756061
0.0, 525, 1.3210311163677957
0.0, 526, 1.3103138557188811
0.0, 527, 1.2933942135642826
0.0, 528, 1.3401549112280435
0.0, 529, 1.3351780580759256
0.0, 530, 1.3471613342175048
0.0, 531, 1.3160610719191548
0.0, 532, 1.3259665261622602
0.0, 533, 1.3633353319417225
0.0, 534, 1.3342540065850956
0.0, 535, 1.3308362473296602
0.0, 536, 1.3384016632566322
0.0, 537, 1.3401320650363482
0.0, 538, 1.308842129433702
0.0, 539, 1.3664423086015554
0.0, 540, 1.3287690335641045
0.0, 541, 1.357542009905677
0.0, 542, 1.3690433405098963
0.0, 543, 1.3550450312086777
0.0, 544, 1.2892822963196853
0.0, 545, 1.3460339277326696
0.0, 546, 1.3130440889589168
0.0, 547, 1.3425153442856574
0.0, 548, 1.3245410496425407
0.0, 549, 1.3619723902055672
0.0, 550, 1.3262027162246572
0.0, 551, 1.281692084623744
0.0, 552, 1.2896626546743342
0.0, 553, 1.3176232256676224
0.0, 554, 1.2816994146759535
0.0, 555, 1.3045754494032218
0.0, 556, 1.3508164919298218
0.0, 557, 1.2997517844436295
0.0, 558, 1.3454206705676377
0.0, 559, 1.3367468506599556
0.0, 560, 1.3090184818873927
0.0, 561, 1.3375250838844794
0.0, 562, 1.3061997402746988
0.0, 563, 1.3057618744063837
0.0, 564, 1.349995594186766
0.0, 565, 1.3168351109257634
0.0, 566, 1.3220626546084584
0.0, 567, 1.3267707618199986
0.0, 568, 1.346425114552669
0.0, 569, 1.2900332269621448
0.0, 570, 1.2936914051675839
0.0, 571, 1.3274032805057023
0.0, 572, 1.3012213561875792
0.0, 573, 1.3133048635217832
0.0, 574, 1.3224171283487154
0.0, 575, 1.3191878662433183
0.0, 576, 1.305496540504793
0.0, 577, 1.3017101639209645
0.0, 578, 1.337834936813817
0.0, 579, 1.286259237117273
0.0, 580, 1.3003943145926087
0.0, 581, 1.3431971653587882
0.0, 582, 1.3199387815409611
0.0, 583, 1.3181732794225887
0.0, 584, 1.32662766951857
0.0, 585, 1.379476191478903
0.0, 586, 1.3243425596765177
0.0, 587, 1.3522609295488304
0.0, 588, 1.320064343179643
0.0, 589, 1.330068686429975
0.0, 590, 1.3131880268749412
0.0, 591, 1.316056238133485
0.0, 592, 1.3483180872468166
0.0, 593, 1.3354823700270446
0.0, 594, 1.3183386346600827
0.0, 595, 1.2961006147254344
0.0, 596, 1.3171741967893984
0.0, 597, 1.2925707021947426
0.0, 598, 1.3459858930788557
0.0, 599, 1.2917273316396143
0.0, 600, 1.3450841126923299
0.0, 601, 1.3217986375685904
0.0, 602, 1.2983201796842685
0.0, 603, 1.2737359754718198
0.0, 604, 1.316602033451948
0.0, 605, 1.3393944574463337
0.0, 606, 1.3202001024122192
0.0, 607, 1.3450743304571688
0.0, 608, 1.3458610846553947
0.0, 609, 1.3339180074271852
0.0, 610, 1.3547416102133205
0.0, 611, 1.3314247883264347
0.0, 612, 1.348442027646957
0.0, 613, 1.3285590057674406
0.0, 614, 1.3327491495803818
0.0, 615, 1.3098948899749236
0.0, 616, 1.3025370356619705
0.0, 617, 1.2995745959539946
0.0, 618, 1.2975416007799745
0.0, 619, 1.3410402556640701
0.0, 620, 1.3239870159817586
0.0, 621, 1.2811330574823798
0.0, 622, 1.3256001899267635
0.0, 623, 1.2960129116114067
0.0, 624, 1.3133518558603663
0.0, 625, 1.3426294057172554
0.0, 626, 1.319518057791293
0.0, 627, 1.339920833070252
0.0, 628, 1.2963015587050575
0.0, 629, 1.3108956876423365
0.0, 630, 1.2981229100566472
0.0, 631, 1.2795976901933042
0.0, 632, 1.3611336205507312
0.0, 633, 1.3352167546440723
0.0, 634, 1.3025162231618421
0.0, 635, 1.3399164565909059
0.0, 636, 1.3067603008491555
0.0, 637, 1.3190899882362337
0.0, 638, 1.3562812535818205
0.0, 639, 1.3041445235428561
0.0, 640, 1.3215173430130691
0.0, 641, 1.346769434951615
0.0, 642, 1.3035255715686
0.0, 643, 1.3731600068675673
0.0, 644, 1.3499559048257765
0.0, 645, 1.3373282561787736
0.0, 646, 1.3027363246158739
0.0, 647, 1.325704539402619
0.0, 648, 1.3149565720184901
0.0, 649, 1.3175010286574709
0.0, 650, 1.289301772723914
0.0, 651, 1.3191645861193566
0.0, 652, 1.3291855474471943
0.0, 653, 1.2924811868599004
0.0, 654, 1.313836588777892
0.0, 655, 1.3004813472226444
0.0, 656, 1.3226901584735196
0.0, 657, 1.3155110267011159
0.0, 658, 1.3337712412419616
0.0, 659, 1.3419218834930082
0.0, 660, 1.3163778966852897
0.0, 661, 1.3502701876099386
0.0, 662, 1.3075202474176864
0.0, 663, 1.3351621909415439
0.0, 664, 1.3280288276904113
0.0, 665, 1.3197365664532958
0.0, 666, 1.2907762595862993
0.0, 667, 1.289295978281153
0.0, 668, 1.3161198855981107
0.0, 669, 1.3206544593109115
0.0, 670, 1.3474219943857808
0.0, 671, 1.3191376831844899
0.0, 672, 1.3651176247631378
0.0, 673, 1.334251368150759
0.0, 674, 1.3261837266812926
0.0, 675, 1.3653490901235596
0.0, 676, 1.3430308212059885
0.0, 677, 1.31703553523871
0.0, 678, 1.3242616107668799
0.0, 679, 1.2838868549552782
0.0, 680, 1.2835680111559231
0.0, 681, 1.3350403088900085
0.0, 682, 1.2913333491786831
0.0, 683, 1.3460951162412604
0.0, 684, 1.3176331384294127
0.0, 685, 1.3282661799072009
0.0, 686, 1.299788739649683
0.0, 687, 1.3357620605797995
0.0, 688, 1.313287938678566
0.0, 689, 1.3374331117186575
0.0, 690, 1.2750558387383437
0.0, 691, 1.3347559989774407
0.0, 692, 1.2976636825981827
0.0, 693, 1.352639652980126
0.0, 694, 1.3092895238801647
0.0, 695, 1.2981025061986977
0.0, 696, 1.3492524493907536
0.0, 697, 1.3327511892407333
0.0, 698, 1.330759487226358
0.0, 699, 1.325506455947891
0.0, 700, 1.3221820493685974
0.0, 701, 1.2825356910459575
0.0, 702, 1.3442488751745623
0.0, 703, 1.348061105318869
0.0, 704, 1.3409531977172964
0.0, 705, 1.334227753516034
0.0, 706, 1.3351251534751578
0.0, 707, 1.3449277946928677
0.0, 708, 1.343142251782631
0.0, 709, 1.3341296943002752
0.0, 710, 1.3638443961023008
0.0, 711, 1.3291987780664702
0.0, 712, 1.334455694886939
0.0, 713, 1.2738880243886608
0.0, 714, 1.3527927530548014
0.0, 715, 1.3215319077878422
0.0, 716, 1.33938885277855
0.0, 717, 1.3658065005811726
0.0, 718, 1.3043341533130974
0.0, 719, 1.36262443743219
0.0, 720, 1.3000337836308318
0.0, 721, 1.3688756986415822
0.0, 722, 1.309212186852423
0.0, 723, 1.308100196898557
0.0, 724, 1.285503691332635
0.0, 725, 1.3278738301431536
0.0, 726, 1.348172464645072
0.0, 727, 1.288528115372333
0.0, 728, 1.357096640733144
0.0, 729, 1.3259669006818708
0.0, 730, 1.3153368278811308
0.0, 731, 1.3210252039369306
0.0, 732, 1.3189273788017855
0.0, 733, 1.3132708221975082
0.0, 734, 1.2962604065063086
0.0, 735, 1.349060388643022
0.0, 736, 1.343552167196993
0.0, 737, 1.346230291160202
0.0, 738, 1.2778833619415388
0.0, 739, 1.2899417560618414
0.0, 740, 1.3482778718630968
0.0, 741, 1.3260232070428375
0.0, 742, 1.2867504444880018
0.0, 743, 1.3264714079404751
0.0, 744, 1.2766112463751451
0.0, 745, 1.343246867335544
0.0, 746, 1.3204008532352045
0.0, 747, 1.314024472179372
0.0, 748, 1.3715990808891243
0.0, 749, 1.3287810782932656
0.0, 750, 1.318839977139492
0.0, 751, 1.3609843500371166
0.0, 752, 1.3117229986945211
0.0, 753, 1.3411795886268854
0.0, 754, 1.31954923238819
0.0, 755, 1.3052120197357349
0.0, 756, 1.3419184231796788
0.0, 757, 1.3201099768599134
0.0, 758, 1.2602559922524184
0.0, 759, 1.2898037130283317
0.0, 760, 1.3790112648518702
0.0, 761, 1.3031892096837738
0.0, 762, 1.2783905019214532
0.0, 763, 1.3202127224418383
0.0, 764, 1.3042564198799178
0.0, 765, 1.3047817568238613
0.0, 766, 1.3219304600177102
0.0, 767, 1.301655583941861
0.0, 768, 1.3214373059122189
0.0, 769, 1.302244693632401
0.0, 770, 1.2901018240296478
0.0, 771, 1.3420201606716191
0.0, 772, 1.3494850780510785
0.0, 773, 1.3448026017458183
0.0, 774, 1.3144329491581288
0.0, 775, 1.3287891264088905
0.0, 776, 1.3051632092505536
0.0, 777, 1.30692899211419
0.0, 778, 1.302671228979601
0.0, 779, 1.3029965977602465
0.0, 780, 1.3493530716319904
0.0, 781, 1.3034842347559854
0.0, 782, 1.3610388503104516
0.0, 783, 1.3078826265096057
0.0, 784, 1.3243856889483543
0.0, 785, 1.3497389898806067
0.0, 786, 1.303227004427344
0.0, 787, 1.3181723740664844
0.0, 788, 1.3113209978576852
0.0, 789, 1.3646598282081177
0.0, 790, 1.310022759738177
0.0, 791, 1.3192326270619976
0.0, 792, 1.3086981460066267
0.0, 793, 1.3189075711026061
0.0, 794, 1.320379391678104
0.0, 795, 1.2724841366117274
0.0, 796, 1.3162645765038745
0.0, 797, 1.375171152151159
0.0, 798, 1.3139508370884307
0.0, 799, 1.3509777421547047
0.0, 800, 1.3067710283486758
0.0, 801, 1.2942382207329042
0.0, 802, 1.2900077945192163
0.0, 803, 1.3130512204415334
0.0, 804, 1.315368933972711
0.0, 805, 1.3356633685629977
0.0, 806, 1.3413246207046339
0.0, 807, 1.3379979690445325
0.0, 808, 1.3505495636016316
0.0, 809, 1.356244605702399
0.0, 810, 1.2737233004585742
0.0, 811, 1.3599322631049295
0.0, 812, 1.2987544978875176
0.0, 813, 1.3507146670236685
0.0, 814, 1.3135051296065832
0.0, 815, 1.3166841223752883
0.0, 816, 1.3133014573015338
0.0, 817, 1.3259377841279325
0.0, 818, 1.347125310490731
0.0, 819, 1.3618607377093601
0.0, 820, 1.2830549627559629
0.0, 821, 1.3404415471675188
0.0, 822, 1.352453274407089
0.0, 823, 1.3172705298579663
0.0, 824, 1.3252380079221486
0.0, 825, 1.29049847764131
0.0, 826, 1.313707113758079
0.0, 827, 1.3485085629491413
0.0, 828, 1.294367868833877
0.0, 829, 1.321702934531541
0.0, 830, 1.3095751646940779
0.0, 831, 1.3490231602725626
0.0, 832, 1.3328342167401808
0.0, 833, 1.3328779170346736
0.0, 834, 1.3659996016440503
0.0, 835, 1.3812497468864264
0.0, 836, 1.2928243705683065
0.0, 837, 1.3222185992890543
0.0, 838, 1.319418927954545
0.0, 839, 1.328373125326298
0.0, 840, 1.332117338284394
0.0, 841, 1.3523829965335816
0.0, 842, 1.3430794237839054
0.0, 843, 1.315869308230045
0.0, 844, 1.318708200152805
0.0, 845, 1.2978029696672195
0.0, 846, 1.3017930402747804
0.0, 847, 1.3326808873907252
0.0, 848, 1.347939769232113
0.0, 849, 1.2876236090213091
0.0, 850, 1.294392997878894
0.0, 851, 1.3235007197768114
0.0, 852, 1.3068393038591797
0.0, 853, 1.3065338306764704
0.0, 854, 1.3451196123903317
0.0, 855, 1.3272243116566032
0.0, 856, 1.3661598675519846
0.0, 857, 1.2886473294105911
0.0, 858, 1.3421624983906695
0.0, 859, 1.3102107572786343
0.0, 860, 1.3027999494719091
0.0, 861, 1.3340622931133446
0.0, 862, 1.3291788031056122
0.0, 863, 1.3048416354017922
0.0, 864, 1.3343628889179537
0.0, 865, 1.3398181735379902
0.0, 866, 1.2951319680856694
0.0, 867, 1.3266498445072632
0.0, 868, 1.3413503301198122
0.0, 869, 1.3257768150320013
0.0, 870, 1.324823510731538
0.0, 871, 1.3257911367072468
0.0, 872, 1.313425934315518
0.0, 873, 1.3233430937834574
0.0, 874, 1.3145539827453419
0.0, 875, 1.3407796676690844
0.0, 876, 1.3421714948252952
0.0, 877, 1.3081777600871791
0.0, 878, 1.340846562933454
0.0, 879, 1.3626310398953634
0.0, 880, 1.297064137645862
0.0, 881, 1.3133766423858537
0.0, 882, 1.3260679551792665
0.0, 883, 1.2713301549150742
0.0, 884, 1.2873209791170102
0.0, 885, 1.3615918188038572
0.0, 886, 1.3014445653164493
0.0, 887, 1.3194992973643005
0.0, 888, 1.312687507703301
0.0, 889, 1.3013042833024233
0.0, 890, 1.3075465827176593
0.0, 891, 1.3303060149503014
0.0, 892, 1.3102032684954539
0.0, 893, 1.3168194642919329
0.0, 894, 1.3489492547722783
0.0, 895, 1.2925869726781398
0.0, 896, 1.3397806354086468
0.0, 897, 1.319317594597258
0.0, 898, 1.3149059923233988
0.0, 899, 1.3130765197174301
0.0, 900, 1.331375134548104
0.0, 901, 1.3436100038960395
0.0, 902, 1.3439021754084373
0.0, 903, 1.345855434106935
0.0, 904, 1.3381106339720914
0.0, 905, 1.2900818524883564
0.0, 906, 1.3148054101804747
0.0, 907, 1.3330847676812467
0.0, 908, 1.3019081531799501
0.0, 909, 1.3480248533465442
0.0, 910, 1.363278031396717
0.0, 911, 1.2910185395307172
0.0, 912, 1.33783888967158
0.0, 913, 1.3161238000926614
0.0, 914, 1.3227313337793296
0.0, 915, 1.3297056279943356
0.0, 916, 1.3196604304519959
0.0, 917, 1.33293612228389
0.0, 918, 1.2943591735262432
0.0, 919, 1.3541708275389284
0.0, 920, 1.3097077193167754
0.0, 921, 1.2678680877349329
0.0, 922, 1.3022769565087389
0.0, 923, 1.335116913642361
0.0, 924, 1.3310215549403863
0.0, 925, 1.3395899140152465
0.0, 926, 1.3329082618165056
0.0, 927, 1.3240857158507482
0.0, 928, 1.3318656731231544
0.0, 929, 1.3094056687672646
0.0, 930, 1.2998052021965838
0.0, 931, 1.3423455579310122
0.0, 932, 1.324141909904853
0.0, 933, 1.3179296737769604
0.0, 934, 1.3366074177744711
0.0, 935, 1.3390707690890786
0.0, 936, 1.3427661916946982
0.0, 937, 1.3027270112706122
0.0, 938, 1.3232281950521176
0.0, 939, 1.2985472843082955
0.0, 940, 1.3191190901191603
0.0, 941, 1.3062417478506643
0.0, 942, 1.2729833994994113
0.0, 943, 1.296157291785725
0.0, 944, 1.3106116869753177
0.0, 945, 1.3555274897413743
0.0, 946, 1.3103897919860819
0.0, 947, 1.3377200079785765
0.0, 948, 1.3334831685935151
0.0, 949, 1.3527611413325265
0.0, 950, 1.3293820325340067
0.0, 951, 1.2919198420243077
0.0, 952, 1.3523867116144548
0.0, 953, 1.3388699288317434
0.0, 954, 1.30843366187822
0.0, 955, 1.2866846745376734
0.0, 956, 1.3477990832721811
0.0, 957, 1.2794364850682893
0.0, 958, 1.289519925429955
0.0, 959, 1.3459980281549224
0.0, 960, 1.3251533962643909
0.0, 961, 1.3105828513815305
0.0, 962, 1.3449584984902014
0.0, 963, 1.3008902636488502
0.0, 964, 1.3201515412347766
0.0, 965, 1.3343673353883199
0.0, 966, 1.2820806387055246
0.0, 967, 1.3187204232696486
0.0, 968, 1.3401283992826156
0.0, 969, 1.3067480762339596
0.0, 970, 1.2717347722789312
0.0, 971, 1.3089580028348147
0.0, 972, 1.3210102077607873
0.0, 973, 1.3237669717142526
0.0, 974, 1.324553143748688
0.0, 975, 1.3195142687255859
0.0, 976, 1.3054053559406442
0.0, 977, 1.2967458013058621
0.0, 978, 1.309935280372273
0.0, 979, 1.314586739703979
0.0, 980, 1.2876970637572336
0.0, 981, 1.2974054366264425
0.0, 982, 1.3281664756910367
0.0, 983, 1.324526327894259
0.0, 984, 1.3000319302979588
0.0, 985, 1.3200820858221756
0.0, 986, 1.3131796320580784
0.0, 987, 1.3456167139808857
0.0, 988, 1.3409685723192697
0.0, 989, 1.343960683365862
0.0, 990, 1.3533015920812537
0.0, 991, 1.32112161721729
0.0, 992, 1.329103562972671
0.0, 993, 1.3178100444141232
0.0, 994, 1.2901279015590181
0.0, 995, 1.3536385071412564
0.0, 996, 1.2945486874423093
0.0, 997, 1.311296651041529
0.0, 998, 1.3520311871843878
0.0, 999, 1.3479131008936596
0.0, 1000, 1.292999626171614
0.1, 0, 0.0
0.1, 1, -1.0706205813577456
0.1, 2, -1.2592614102239614
0.1, 3, -0.16344571111448294
0.1, 4, -0.06309836929782911
0.1, 5, 0.26932540949180184
0.1, 6, 0.5282738943507265
0.1, 7, 0.6598752371787177
0.1, 8, 0.7272609809391699
0.1, 9, 0.807604312929341
0.1, 10, 0.8508292851071432
0.1, 11, 0.8904121548655015
0.1, 12, 0.9263331203780976
0.1, 13, 1.0099909911837073
0.1, 14, 0.9320157083776477
0.1, 15, 1.0025324395514756
0.1, 16, 1.0077487552094053
0.1, 17, 1.0325364579950156
0.1, 18, 1.0712582301884694
0.1, 19, 1.0852396764801018
0.1, 20, 1.059479842911217
0.1, 21, 1.0648459078809165
0.1, 22, 1.099613852968028
0.1, 23, 1.1533774189881403
0.1, 24, 1.131367638668743
0.1, 25, 1.1541331256735117
0.1, 26, 1.1076243015133378
0.1, 27, 1.1854716791996296
0.1, 28, 1.1940652777703278
0.1, 29, 1.131455350083801
0.1, 30, 1.1563327513741088
0.1, 31, 1.1652771644449442
0.1, 32, 1.175935973407024
0.1, 33, 1.20866863464824
0.1, 34, 1.1558261045577478
0.1, 35, 1.223269648360487
0.1, 36, 1.1855025441789029
0.1, 37, 1.2085142871613874
0.1, 38, 1.2232988711778108
0.1, 39, 1.1961973187195463
0.1, 40, 1.2450206814717508
0.1, 41, 1.2260809321538066
0.1, 42, 1.2472976926082773
0.1, 43, 1.1904047369506905
0.1, 44, 1.2313056517780128
0.1, 45, 1.2421240030474117
0.1, 46, 1.2495463446976995
0.1, 47, 1.266655752930726
0.1, 48, 1.2665427083327372
0.1, 49, 1.2396510756284809
0.1, 50, 1.2909505593780115
0.1, 51, 1.2136365746860498
0.1, 52, 1.229098680500167
0.1, 53, 1.2291751945715574
0.1, 54, 1.2367063370306401
0.1, 55, 1.2747372284306164
0.1, 56, 1.2827134539172897
0.1, 57, 1.2495347245821928
0.1, 58, 1.287955009809753
0.1, 59, 1.3078168385529165
0.1, 60, 1.2664001914380438
0.1, 61, 1.2988616161669615
0.1, 62, 1.293188966071324
0.1, 63, 1.293170850707279
0.1, 64, 1.312282284303932
0.1, 65, 1.3484403095476039
0.1, 66, 1.3218013447852328
0.1, 67, 1.3071250952316664
0.1, 68, 1.2797835132653017
0.1, 69, 1.3072781251447396
0.1, 70, 1.3218913837609525
0.1, 71, 1.335104674547049
0.1, 72, 1.321504501652798
0.1, 73, 1.3370052144974107
0.1, 74, 1.3101136809726086
0.1, 75, 1.3068275029620493
0.1, 76, 1.3404024354219497
0.1, 77, 1.3471478432006467
0.1, 78, 1.3352976319412255
0.1, 79, 1.3142764210176339
0.1, 80, 1.2984906483758374
0.1, 81, 1.3242384270715162
0.1, 82, 1.296646672981518
0.1, 83, 1.3259801972629262
0.1, 84, 1.3451502644622944
0.1, 85, 1.319690405059817
0.1, 86, 1.3122866376785587
0.1, 87, 1.317531092541392
0.1, 88, 1.3213925697120075
0.1, 89, 1.351044423260979
0.1, 90, 1.3321400006850797
0.1, 91, 1.3697528667046155
0.1, 92, 1.353694365234226
0.1, 93, 1.341146793881691
0.1, 94, 1.3296447152293005
0.1, 95, 1.335947817182431
0.1, 96, 1.3749253016826095
0.1, 97, 1.363089064584849
0.1, 98, 1.3617942146038582
0.1, 99, 1.3521466563035724
0.1, 100, 1.3479634256050315
0.1, 101, 1.3422291666773205
0.1, 102, 1.4199507653608912
0.1, 103, 1.354906736034869
0.1, 104, 1.376130191861125
0.1, 105, 1.364444087166585
0.1, 106, 1.3000598811909763
0.1, 107, 1.429965162179602
0.1, 108, 1.345572205346343
0.1, 109, 1.4315239027718507
0.1, 110, 1.36228956313093
0.1, 111, 1.3704198843464674
0.1, 112, 1.3641165911768023
0.1, 113, 1.3997627847998195
0.1, 114, 1.398564620560216
0.1, 115, 1.38368411672632
0.1, 116, 1.4134475997018718
0.1, 117, 1.4753205632460349
0.1, 118, 1.4085921827647248
0.1, 119, 1.391939436216805
0.1, 120, 1.3968270091715174
0.1, 121, 1.410906397417849
0.1, 122, 1.4169394447640318
0.1, 123, 1.4129266387496215
0.1, 124, 1.3934373190566904
0.1, 125, 1.462202932697141
0.1, 126, 1.4268506280675284
0.1, 127, 1.3696760772192382
0.1, 128, 1.4100073649975724
0.1, 129, 1.4301822412546839
0.1, 130, 1.442629446762541
0.1, 131, 1.4489475586541496
0.1, 132, 1.4256756583204993
0.1, 133, 1.4996582513298977
0.1, 134, 1.382983134132691
0.1, 135, 1.4606698479019753
0.1, 136, 1.402478498380792
0.1, 137, 1.3991879904285285
0.1, 138, 1.4352532849267092
0.1, 139, 1.4349864356259328
0.1, 140, 1.401736579612152
0.1, 141, 1.4278589170011944
0.1, 142, 1.49360396864031
0.1, 143, 1.4609490085969121
0.1, 144, 1.3662484069342515
0.1, 145, 1.452091032237164
0.1, 146, 1.4207919128802873
0.1, 147, 1.432373619570083
0.1, 148, 1.4567717714108772
0.1, 149, 1.4472236529870852
0.1, 150, 1.4162108279327636
0.1, 151, 1.4380754035488172
0.1, 152, 1.435999850052231
0.1, 153, 1.4172639524771848
0.1, 154, 1.421818427434915
0.1, 155, 1.4450523084327804
0.1, 156, 1.4151910504900362
0.1, 157, 1.4325783579378262
0.1, 158, 1.4279173096635316
0.1, 159, 1.4616039021683034
0.1, 160, 1.4616353363077008
0.1, 161, 1.4792888063163319
0.1, 162, 1.4477697037813364
0.1, 163, 1.4876567027314247
0.1, 164, 1.4622739797326592
0.1, 165, 1.4916727249102522
0.1, 166, 1.4130924439075125
0.1, 167, 1.4301349948184714
0.1, 168, 1.4530247590540366
0.1, 169, 1.4380668382761932
0.1, 170, 1.4877008195368584
0.1, 171, 1.4195100371574223
0.1, 172, 1.454101924937122
0.1, 173, 1.4762630211864811
0.1, 174, 1.4616114510640317
0.1, 175, 1.4714338229107915
0.1, 176, 1.5189192738059345
0.1, 177, 1.4355486387037812
0.1, 178, 1.4667853435223548
0.1, 179, 1.4835502814818462
0.1, 180, 1.4607594689277406
0.1, 181, 1.5054493312801096
0.1, 182, 1.483879465404599
0.1, 183, 1.4725096101155013
0.1, 184, 1.5008975969131222
0.1, 185, 1.4836007904808377
0.1, 186, 1.4794410268823204
0.1, 187, 1.5076137039058564
0.1, 188, 1.4856679315873045
0.1, 189, 1.4756990694538217
0.1, 190, 1.4501588891832866
0.1, 191, 1.4966457315110373
0.1, 192, 1.4747020173109684
0.1, 193, 1.5174593493272992
0.1, 194, 1.461112212570921
0.1, 195, 1.4658841188359804
0.1, 196, 1.5158530410672142
0.1, 197, 1.480402487014742
0.1, 198, 1.4562008306633136
0.1, 199, 1.5407926129196388
0.1, 200, 1.4327449595939794
0.1, 201, 1.5162304551596668
0.1, 202, 1.513691706969666
0.1, 203, 1.543847421396375
0.1, 204, 1.480922163188754
0.1, 205, 1.4994130442009355
0.1, 206, 1.5180993862315977
0.1, 207, 1.5030171186214751
0.1, 208, 1.5384609195120145
0.1, 209, 1.5171614728049045
0.1, 210, 1.5135872821658745
0.1, 211, 1.4809918180375405
0.1, 212, 1.4629036482194544
0.1, 213, 1.4806160841050813
0.1, 214, 1.4848694303532166
0.1, 215, 1.4885316495344552
0.1, 216, 1.5324062113408838
0.1, 217, 1.5658700418704365
0.1, 218, 1.5596681231962943
0.1, 219, 1.5446936820103137
0.1, 220, 1.4855803668467211
0.1, 221, 1.5078814587296525
0.1, 222, 1.4863914956907995
0.1, 223, 1.50890915172201
0.1, 224, 1.4882910581738278
0.1, 225, 1.5305464681373118
0.1, 226, 1.486219722343978
0.1, 227, 1.4920946632430294
0.1, 228, 1.450282942355744
0.1, 229, 1.4573601009119204
0.1, 230, 1.5317249218167361
0.1, 231, 1.5084143393304998
0.1, 232, 1.5290941547612849
0.1, 233, 1.5250662462370055
0.1, 234, 1.5441446222509434
0.1, 235, 1.5795001618548268
0.1, 236, 1.5445118222712058
0.1, 237, 1.4898031050622331
0.1, 238, 1.4964019095153236
0.1, 239, 1.5105519933381268
0.1, 240, 1.499506659140354
0.1, 241, 1.4990281738012583
0.1, 242, 1.5376741557256632
0.1, 243, 1.5277805342692723
0.1, 244, 1.5222961354687115
0.1, 245, 1.4924903612574059
0.1, 246, 1.5338070406555397
0.1, 247, 1.5259856477927856
0.1, 248, 1.5511533235938522
0.1, 249, 1.5118333605042795
0.1, 250, 1.5341669625630179
0.1, 251, 1.5531426246380173
0.1, 252, 1.5277595480626722
0.1, 253, 1.4850521953822413
0.1, 254, 1.4706248563597213
0.1, 255, 1.530704109925232
0.1, 256, 1.528532763242317
0.1, 257, 1.5198414516602776
0.1, 258, 1.5286856066355579
0.1, 259, 1.5392065773769206
0.1, 260, 1.5035942868731447
0.1, 261, 1.5645282539048697
0.1, 262, 1.5327830696813298
0.1, 263, 1.5212237523278376
0.1, 264, 1.502253432352313
0.1, 265, 1.5201603605458613
0.1, 266, 1.5495765406161939
0.1, 267, 1.535581338503522
0.1, 268, 1.4920178703834737
0.1, 269, 1.472136405847184
0.1, 270, 1.4970012593227
0.1, 271, 1.5553449196458191
0.1, 272, 1.543414774061687
0.1, 273, 1.5926062057886263
0.1, 274, 1.566033698753958
0.1, 275, 1.5360321706194364
0.1, 276, 1.5388066510610863
0.1, 277, 1.546536270729365
0.1, 278, 1.5005069695617042
0.1, 279, 1.6004826022626224
0.1, 280, 1.4859228463343404
0.1, 281, 1.4704482663257272
0.1, 282, 1.5206543523795244
0.1, 283, 1.522443960886123
0.1, 284, 1.5572516009327784
0.1, 285, 1.4867705976684045
0.1, 286, 1.4939593884006497
0.1, 287, 1.5247575776415132
0.1, 288, 1.5225979105858272
0.1, 289, 1.5075662968384587
0.1, 290, 1.53333197917109
0.1, 291, 1.5072887435371523
0.1, 292, 1.5302472202946744
0.1, 293, 1.4884737371087153
0.1, 294, 1.5396242187736713
0.1, 295, 1.5238460446248778
0.1, 296, 1.555366087528404
0.1, 297, 1.5175197036387735
0.1, 298, 1.5328911291402838
0.1, 299, 1.5336770132326851
0.1, 300, 1.4721228818918306
0.1, 301, 1.5115227892190402
0.1, 302, 1.4958708815155046
0.1, 303, 1.5676389335731344
0.1, 304, 1.515453311623223
0.1, 305, 1.5068715462403073
0.1, 306, 1.4690811984600398
0.1, 307, 1.507307394666544
0.1, 308, 1.488050437522874
0.1, 309, 1.5591862183299987
0.1, 310, 1.5413182262840914
0.1, 311, 1.4942996597097857
0.1, 312, 1.5528898085422678
0.1, 313, 1.5282991506296195
0.1, 314, 1.506107328299049
0.1, 315, 1.5336426874000249
0.1, 316, 1.5543755547459739
0.1, 317, 1.5319080403642102
0.1, 318, 1.539765271215541
0.1, 319, 1.5543484302253667
0.1, 320, 1.510252012690947
0.1, 321, 1.5881616905284437
0.1, 322, 1.5701234777533553
0.1, 323, 1.499186471066908
0.1, 324, 1.536482298571104
0.1, 325, 1.5661700657458693
0.1, 326, 1.5397776356817139
0.1, 327, 1.529308860583516
0.1, 328, 1.5068554602014022
0.1, 329, 1.5608292856354313
0.1, 330, 1.5424689765300905
0.1, 331, 1.5156089467271574
0.1, 332, 1.50678382367865
0.1, 333, 1.5606516975602447
0.1, 334, 1.4976099585965146
0.1, 335, 1.5083114835980795
0.1, 336, 1.5444796712160331
0.1, 337, 1.538212583006935
0.1, 338, 1.5322310075431294
0.1, 339, 1.5568794621965178
0.1, 340, 1.5359600812897645
0.1, 341, 1.5360633480854837
0.1, 342, 1.538829559086565
0.1, 343, 1.5376470263021722
0.1, 344, 1.596818767860319
0.1, 345, 1.5015256853253842
0.1, 346, 1.5314025835706746
0.1, 347, 1.5508384826939985
0.1, 348, 1.4977036564250321
0.1, 349, 1.5352755002091198
0.1, 350, 1.5370327663398184
0.1, 351, 1.5204592532289307
0.1, 352, 1.5449533401057185
0.1, 353, 1.554682294839653
0.1, 354, 1.5715109661580884
0.1, 355, 1.5551764123960836
0.1, 356, 1.5367949258506641
0.1, 357, 1.575801613723117
0.1, 358, 1.5866549212018393
0.1, 359, 1.554972715096707
0.1, 360, 1.5523569664926955
0.1, 361, 1.5911621673725451
0.1, 362, 1.5025205588452915
0.1, 363, 1.5263170006884446
0.1, 364, 1.558392252369708
0.1, 365, 1.5500222242438046
0.1, 366, 1.5434882938075727
0.1, 367, 1.5578320122999596
0.1, 368, 1.554568344250836
0.1, 369, 1.5205671950479667
0.1, 370, 1.5494112978561179
0.1, 371, 1.5470241372485263
0.1, 372, 1.5169300994931405
0.1, 373, 1.5352020329302674
0.1, 374, 1.481026233151706
0.1, 375, 1.5237485386027532
0.1, 376, 1.5488938067115663
0.1, 377, 1.5470734614891617
0.1, 378, 1.4919668839596236
0.1, 379, 1.5600591875759582
0.1, 380, 1.5271330270201313
0.1, 381, 1.5400341307933085
0.1, 382, 1.5382456236891495
0.1, 383, 1.5102051214667054
0.1, 384, 1.5557318212258684
0.1, 385, 1.5184575109671796
0.1, 386, 1.5636601100231677
0.1, 387, 1.5563134945633086
0.1, 388, 1.5570819409135874
0.1, 389, 1.5746880283392328
0.1, 390, 1.5268053068575562
0.1, 391, 1.5730000750054391
0.1, 392, 1.528431419863298
0.1, 393, 1.55192453865546
0.1, 394, 1.540298159833205
0.1, 395, 1.5514628675597733
0.1, 396, 1.4955997704912098
0.1, 397, 1.533342560493916
0.1, 398, 1.5202651175153121
0.1, 399, 1.6254076393451569
0.1, 400, 1.55134046884858
0.1, 401, 1.52682296123163
0.1, 402, 1.5593523553874618
0.1, 403, 1.5510462470436084
0.1, 404, 1.5523172187572893
0.1, 405, 1.5509768742254546
0.1, 406, 1.5458656932274448
0.1, 407, 1.5560671814077096
0.1, 408, 1.4862290770294442
0.1, 409, 1.5160554956722672
0.1, 410, 1.5651529362307892
0.1, 411, 1.5176853456458252
0.1, 412, 1.5791601831023674
0.1, 413, 1.5301098390787795
0.1, 414, 1.5433755350451976
0.1, 415, 1.590611462782521
0.1, 416, 1.5647425180852523
0.1, 417, 1.5176405833715363
0.1, 418, 1.5848891804414806
0.1, 419, 1.5570877930393698
0.1, 420, 1.5468823548112203
0.1, 421, 1.539739476967486
0.1, 422, 1.575970359374433
0.1, 423, 1.551815863426036
0.1, 424, 1.5448014358049615
0.1, 425, 1.5396368556965032
0.1, 426, 1.5347698563229686
0.1, 427, 1.588033473429901
0.1, 428, 1.518934785817082
0.1, 429, 1.5581048354720806
0.1, 430, 1.5688134737578812
0.1, 431, 1.5344663965641097
0.1, 432, 1.5668239123763277
0.1, 433, 1.583979942052424
0.1, 434, 1.580176453198253
0.1, 435, 1.5372490820077565
0.1, 436, 1.5594938122279844
0.1, 437, 1.546799090812002
0.1, 438, 1.5529806776718058
0.1, 439, 1.5855954297761643
0.1, 440, 1.5755300181106777
0.1, 441, 1.5710881213295567
0.1, 442, 1.550874756186448
0.1, 443, 1.5577989888829165
0.1, 444, 1.567059476552535
0.1, 445, 1.5393031394598269
0.1, 446, 1.5660732840341653
0.1, 447, 1.5498703002244862
0.1, 448, 1.5295988363268311
0.1, 449, 1.5089770587911766
0.1, 450, 1.5525612168290392
0.1, 451, 1.5153368102634714
0.1, 452, 1.5783768979972308
0.1, 453, 1.5794454471224242
0.1, 454, 1.5606451295270594
0.1, 455, 1.572400834134793
0.1, 456, 1.5473726184810266
0.1, 457, 1.546001618507803
0.1, 458, 1.548719940702211
0.1, 459, 1.528773246415676
0.1, 460, 1.5836093354490313
0.1, 461, 1.5911175502791104
0.1, 462, 1.5379730695481142
0.1, 463, 1.4814610521556164
0.1, 464, 1.5737365013068294
0.1, 465, 1.4669078459629676
0.1, 466, 1.543641998240739
0.1, 467, 1.5824099990651037
0.1, 468, 1.578516214169675
0.1, 469, 1.5604148679781602
0.1, 470, 1.55710938612583
0.1, 471, 1.5461341555805637
0.1, 472, 1.5694750332706664
0.1, 473, 1.5467077834870941
0.1, 474, 1.5350348329696908
0.1, 475, 1.5932467892568327
0.1, 476, 1.5601152008564965
0.1, 477, 1.5048306265053326
0.1, 478, 1.5412866794468743
0.1, 479, 1.557820473818204
0.1, 480, 1.5609379788272582
0.1, 481, 1.57275790683052
0.1, 482, 1.5743901080176341
0.1, 483, 1.6094870830760726
0.1, 484, 1.5558899930483336
0.1, 485, 1.576509701013241
0.1, 486, 1.4997567028051222
0.1, 487, 1.543332682718559
0.1, 488, 1.5389874773574146
0.1, 489, 1.5317325889827247
0.1, 490, 1.5905007272003067
0.1, 491, 1.591667165628027
0.1, 492, 1.5699748201096766
0.1, 493, 1.5015539420828827
0.1, 494, 1.5379621203095422
0.1, 495, 1.604752517758351
0.1, 496, 1.524638232787015
0.1, 497, 1.5584720611816294
0.1, 498, 1.5228555869742133
0.1, 499, 1.5261234154018766
0.1, 500, 1.5720423355340223
0.1, 501, 1.5547852198608207
0.1, 502, 1.5541096362968405
0.1, 503, 1.5085826273332739
0.1, 504, 1.536324817849445
0.1, 505, 1.5430785041925592
0.1, 506, 1.5815113329772041
0.1, 507, 1.5164465786631938
0.1, 508, 1.57295394768397
0.1, 509, 1.5420069894751134
0.1, 510, 1.5239948566670107
0.1, 511, 1.5863341867894742
0.1, 512, 1.5604218733308644
0.1, 513, 1.5773987993023502
0.1, 514, 1.576850681532508
0.1, 515, 1.5545058380499708
0.1, 516, 1.5500609493223805
0.1, 517, 1.569641207185517
0.1, 518, 1.5117335191694556
0.1, 519, 1.578029051439234
0.1, 520, 1.5471253012868285
0.1, 521, 1.6082268460186209
0.1, 522, 1.56949420078663
0.1, 523, 1.5337008348068297
0.1, 524, 1.5907337039183986
0.1, 525, 1.544399399368241
0.1, 526, 1.5492132418355717
0.1, 527, 1.6175856476335269
0.1, 528, 1.5702984876633357
0.1, 529, 1.5479592272545764
0.1, 530, 1.526243197637424
0.1, 531, 1.5367892126635352
0.1, 532, 1.5397303361452819
0.1, 533, 1.5943012839168542
0.1, 534, 1.5613228315585927
0.1, 535, 1.5674814436173428
0.1, 536, 1.544176927348788
0.1, 537, 1.530918543061731
0.1, 538, 1.5290421585224605
0.1, 539, 1.5055082410223206
0.1, 540, 1.5590249379295837
0.1, 541, 1.5917445267093544
0.1, 542, 1.5487992321268864
0.1, 543, 1.6014212977736515
0.1, 544, 1.5508364341264858
0.1, 545, 1.6056341473671427
0.1, 546, 1.5774609693482593
0.1, 547, 1.486108362044499
0.1, 548, 1.5401188611447396
0.1, 549, 1.5351531283334738
0.1, 550, 1.588423961202858
0.1, 551, 1.5186347149321457
0.1, 552, 1.5550623800978176
0.1, 553, 1.562714659623292
0.1, 554, 1.58364842029019
0.1, 555, 1.587318278771221
0.1, 556, 1.5379265078133972
0.1, 557, 1.583356920467658
0.1, 558, 1.534634910369494
0.1, 559, 1.5376005893163358
0.1, 560, 1.564957982284318
0.1, 561, 1.5420971978139082
0.1, 562, 1.5197034277666914
0.1, 563, 1.540263033380128
0.1, 564, 1.5432631879699195
0.1, 565, 1.5104778963266803
0.1, 566, 1.542267220284322
0.1, 567, 1.5635332378047868
0.1, 568, 1.5801299417651418
0.1, 569, 1.527021576072601
0.1, 570, 1.5740898793294222
0.1, 571, 1.5457424383885365
0.1, 572, 1.5310744391909037
0.1, 573, 1.5590030365720458
0.1, 574, 1.548042959537455
0.1, 575, 1.5742936958124054
0.1, 576, 1.5275899891585785
0.1, 577, 1.5668623249306701
0.1, 578, 1.5630430366908872
0.1, 579, 1.5734540158192978
0.1, 580, 1.5350019032635367
0.1, 581, 1.5720621711902723
0.1, 582, 1.5422929605918976
0.1, 583, 1.5926542049414065
0.1, 584, 1.5455313057235416
0.1, 585, 1.5196436954229506
0.1, 586, 1.5672766713371376
0.1, 587, 1.5433720598294438
0.1, 588, 1.5098267575771063
0.1, 589, 1.534060620932152
0.1, 590, 1.5753284644692604
0.1, 591, 1.5365055769480056
0.1, 592, 1.5602036549740022
0.1, 593, 1.5920473770861476
0.1, 594, 1.5121948331892137
0.1, 595, 1.5470792809772556
0.1, 596, 1.5504198367409656
0.1, 597, 1.593311160342343
0.1, 598, 1.5441469824033216
0.1, 599, 1.531696434678748
0.1, 600, 1.5692095282562237
0.1, 601, 1.5721701495704743
0.1, 602, 1.5326412316339388
0.1, 603, 1.5764456007529808
0.1, 604, 1.6217722259576763
0.1, 605, 1.5685477368363172
0.1, 606, 1.5560419519555746
0.1, 607, 1.547470929033515
0.1, 608, 1.523908543787421
0.1, 609, 1.537699794500206
0.1, 610, 1.5698295753893248
0.1, 611, 1.5813491957381554
0.1, 612, 1.5236998112570146
0.1, 613, 1.540181835466906
0.1, 614, 1.5797306611569704
0.1, 615, 1.5440430625989354
0.1, 616, 1.5450264123883335
0.1, 617, 1.5445611758774418
0.1, 618, 1.591566118894929
0.1, 619, 1.4967784393271413
0.1, 620, 1.5793643873632284
0.1, 621, 1.5804210444819484
0.1, 622, 1.5380033981282604
0.1, 623, 1.5478443756874296
0.1, 624, 1.5545066289504352
0.1, 625, 1.5491453223987437
0.1, 626, 1.5312572616108875
0.1, 627, 1.588516140937686
0.1, 628, 1.567724707279686
0.1, 629, 1.5151382930492645
0.1, 630, 1.5442210912183705
0.1, 631, 1.5816790211353906
0.1, 632, 1.5085877163313175
0.1, 633, 1.5527106735114402
0.1, 634, 1.6141680459692054
0.1, 635, 1.5443030645497013
0.1, 636, 1.5205547467824814
0.1, 637, 1.5222389051558853
0.1, 638, 1.5295910985691497
0.1, 639, 1.5503211093175795
0.1, 640, 1.5691246205201848
0.1, 641, 1.5172999651679913
0.1, 642, 1.550513220227914
0.1, 643, 1.54018419654567
0.1, 644, 1.5601464565173735
0.1, 645, 1.5302821895901269
0.1, 646, 1.579206116611729
0.1, 647, 1.5229570097228924
0.1, 648, 1.564886591228559
0.1, 649, 1.6190450878447833
0.1, 650, 1.5535147510892047
0.1, 651, 1.6008849610741696
0.1, 652, 1.6190391073843604
0.1, 653, 1.55465472710887
0.1, 654, 1.511430361352134
0.1, 655, 1.6149126480641072
0.1, 656, 1.4926895832789533
0.1, 657, 1.5702778380881453
0.1, 658, 1.561665731976047
0.1, 659, 1.570036712110672
0.1, 660, 1.560261387546135
0.1, 661, 1.5449622874579159
0.1, 662, 1.5781140879792297
0.1, 663, 1.5066131471082047
0.1, 664, 1.602353979378545
0.1, 665, 1.5156967566890385
0.1, 666, 1.546394048232199
0.1, 667, 1.4999494539908274
0.1, 668, 1.5370130265591366
0.1, 669, 1.5698563949623472
0.1, 670, 1.588762706431516
0.1, 671, 1.5430209031246036
0.1, 672, 1.5554920652042497
0.1, 673, 1.6054216615242567
0.1, 674, 1.5493105858382341
0.1, 675, 1.562173421047031
0.1, 676, 1.5600057872791748
0.1, 677, 1.589096902780525
0.1, 678, 1.5725854824893133
0.1, 679, 1.5069702166411445
0.1, 680, 1.5176483835148895
0.1, 681, 1.5831079866954383
0.1, 682, 1.5814421914732102
0.1, 683, 1.5803070719327263
0.1, 684, 1.5227241552684225
0.1, 685, 1.5430462864315484
0.1, 686, 1.552984350575356
0.1, 687, 1.5604073234635911
0.1, 688, 1.5677330707222805
0.1, 689, 1.5293678202157013
0.1, 690, 1.5852618644780103
0.1, 691, 1.5302680154179567
0.1, 692, 1.580770543937232
0.1, 693, 1.5447650349374549
0.1, 694, 1.5450603253267559
0.1, 695, 1.5261515522703717
0.1, 696, 1.5285606291072174
0.1, 697, 1.5564920930599582
0.1, 698, 1.5546105520927442
0.1, 699, 1.541878184247563
0.1, 700, 1.5581135787011113
0.1, 701, 1.5426876394331752
0.1, 702, 1.5349031785434055
0.1, 703, 1.5460233947727027
0.1, 704, 1.5180896202237493
0.1, 705, 1.5873681756674838
0.1, 706, 1.5486788694325093
0.1, 707, 1.5560736372916388
0.1, 708, 1.539941288546609
0.1, 709, 1.5525448165838502
0.1, 710, 1.5303254851721015
0.1, 711, 1.4992280085391272
0.1, 712, 1.5566124467872127
0.1, 713, 1.5367614188659193
0.1, 714, 1.5841757201606481
0.1, 715, 1.595872138051632
0.1, 716, 1.542681381186015
0.1, 717, 1.560568115577112
0.1, 718, 1.5870652597725823
0.1, 719, 1.6317558835009645
0.1, 720, 1.5682071339916352
0.1, 721, 1.5349294638503521
0.1, 722, 1.56805313525809
0.1, 723, 1.53528630476024
0.1, 724, 1.5485654621753775
0.1, 725, 1.5614201938756294
0.1, 726, 1.5580179084170316
0.1, 727, 1.5568240981167407
0.1, 728, 1.5320583424645882
0.1, 729, 1.5175419669856154
0.1, 730, 1.5804041166962137
0.1, 731, 1.5702729085245395
0.1, 732, 1.5613037808873649
0.1, 733, 1.5702190889958625
0.1, 734, 1.516445532410122
0.1, 735, 1.5658427589440576
0.1, 736, 1.4942094255241947
0.1, 737, 1.5627182529870247
0.1, 738, 1.572735866518645
0.1, 739, 1.5339051298177022
0.1, 740, 1.5446707007606244
0.1, 741, 1.5292382965771418
0.1, 742, 1.5362693368021034
0.1, 743, 1.5777939184128642
0.1, 744, 1.5477220868173205
0.1, 745, 1.541003186463732
0.1, 746, 1.5460563184526055
0.1, 747, 1.5754493205765379
0.1, 748, 1.5554078463962395
0.1, 749, 1.5054302383400242
0.1, 750, 1.5961161845459262
0.1, 751, 1.518248030932035
0.1, 752, 1.5118439786478477
0.1, 753, 1.5219008115421329
0.1, 754, 1.6050291138610764
0.1, 755, 1.525924622631682
0.1, 756, 1.532834972810029
0.1, 757, 1.5648126094695507
0.1, 758, 1.5614795042452514
0.1, 759, 1.555465099707135
0.1, 760, 1.5572075537771772
0.1, 761, 1.578483962399047
0.1, 762, 1.516616891572443
0.1, 763, 1.5306731242668812
0.1, 764, 1.5784120816391203
0.1, 765, 1.5701120740670305
0.1, 766, 1.5306449969977496
0.1, 767, 1.5484655992484047
0.1, 768, 1.5445223178434502
0.1, 769, 1.5403067329099562
0.1, 770, 1.604789607293566
0.1, 771, 1.5378507266875434
0.1, 772, 1.5048964528129383
0.1, 773, 1.5740291449688393
0.1, 774, 1.5694188581845865
0.1, 775, 1.5304802337101202
0.1, 776, 1.595587688394289
0.1, 777, 1.5584269787044582
0.1, 778, 1.537603933411556
0.1, 779, 1.5830804993262428
0.1, 780, 1.5449231183490673
0.1, 781, 1.5544423246214696
0.1, 782, 1.577320143961727
0.1, 783, 1.5612699551644946
0.1, 784, 1.5462417684054062
0.1, 785, 1.546520997481647
0.1, 786, 1.5382091374869757
0.1, 787, 1.5859020376180046
0.1, 788, 1.5517393905131844
0.1, 789, 1.549790691802583
0.1, 790, 1.5619517263611995
0.1, 791, 1.548920431456822
0.1, 792, 1.5523992416966317
0.1, 793, 1.5495093398065665
0.1, 794, 1.5184808842355628
0.1, 795, 1.5632881302870585
0.1, 796, 1.5759138052282986
0.1, 797, 1.5499784677856967
0.1, 798, 1.5667185424573322
0.1, 799, 1.5874970863709141
0.1, 800, 1.5203531296778783
0.1, 801, 1.573217988119714
0.1, 802, 1.5476244980816602
0.1, 803, 1.5313004551461036
0.1, 804, 1.5602098325354365
0.1, 805, 1.5541343647330714
0.1, 806, 1.561764470912432
0.1, 807, 1.5307452651737121
0.1, 808, 1.5528250656666616
0.1, 809, 1.603026369535266
0.1, 810, 1.5635306982505557
0.1, 811, 1.5263460577802381
0.1, 812, 1.543419996346775
0.1, 813, 1.5176995982400103
0.1, 814, 1.559004642975205
0.1, 815, 1.6022873678225102
0.1, 816, 1.5565783237549227
0.1, 817, 1.5469168114602962
0.1, 818, 1.52525293429592
0.1, 819, 1.5380817198555299
0.1, 820, 1.541879171800751
0.1, 821, 1.5740500623818214
0.1, 822, 1.5788566835521631
0.1, 823, 1.5815722394463396
0.1, 824, 1.5434826877285548
0.1, 825, 1.588684647554803
0.1, 826, 1.574252952876352
0.1, 827, 1.5755391714095337
0.1, 828, 1.5542974058194452
0.1, 829, 1.5790637203866114
0.1, 830, 1.5289264408933478
0.1, 831, 1.5770250125637364
0.1, 832, 1.5966310381499886
0.1, 833, 1.5622644753621753
0.1, 834, 1.5422791043501
0.1, 835, 1.5378145830505483
0.1, 836, 1.5394856776893246
0.1, 837, 1.5866311351041555
0.1, 838, 1.5568029329834558
0.1, 839, 1.5645449703385816
0.1, 840, 1.5489981211081167
0.1, 841, 1.5703075387036975
0.1, 842, 1.558659422770857
0.1, 843, 1.5663314835462594
0.1, 844, 1.546349967496348
0.1, 845, 1.525913603324504
0.1, 846, 1.5542693108222665
0.1, 847, 1.5728721568586261
0.1, 848, 1.4930966378220185
0.1, 849, 1.5619949616638757
0.1, 850, 1.536002184580565
0.1, 851, 1.5626715285498949
0.1, 852, 1.518898234690318
0.1, 853, 1.5300121431532738
0.1, 854, 1.5833453435515208
0.1, 855, 1.5254904001650622
0.1, 856, 1.5602603438505287
0.1, 857, 1.5574520776978855
0.1, 858, 1.5712885222287103
0.1, 859, 1.5156118423317844
0.1, 860, 1.5401079914501417
0.1, 861, 1.5321756670066864
0.1, 862, 1.5599805170535523
0.1, 863, 1.5039060909425404
0.1, 864, 1.577745524483727
0.1, 865, 1.5491990352382266
0.1, 866, 1.5571283370979752
0.1, 867, 1.5248077239679134
0.1, 868, 1.5735063906670852
0.1, 869, 1.575961105138712
0.1, 870, 1.5943084785691886
0.1, 871, 1.5705155877468364
0.1, 872, 1.5986186685001669
0.1, 873, 1.5625040013341898
0.1, 874, 1.5934937268173424
0.1, 875, 1.4973037488288397
0.1, 876, 1.5954032039433683
0.1, 877, 1.5642221759253638
0.1, 878, 1.5100065500079287
0.1, 879, 1.5525443857662007
0.1, 880, 1.5477056950216603
0.1, 881, 1.5362646350330111
0.1, 882, 1.4942414523248027
0.1, 883, 1.559057757756185
0.1, 884, 1.556251887759363
0.1, 885, 1.5524757584165993
0.1, 886, 1.5386477309084967
0.1, 887, 1.5496754086884397
0.1, 888, 1.534054204294739
0.1, 889, 1.5249338589362467
0.1, 890, 1.5448398506207612
0.1, 891, 1.49326960671324
0.1, 892, 1.5588062422462883
0.1, 893, 1.517875804858063
0.1, 894, 1.572054034134888
0.1, 895, 1.558967942124575
0.1, 896, 1.5520369463326824
0.1, 897, 1.614052616076538
0.1, 898, 1.567978693921943
0.1, 899, 1.5616429268733596
0.1, 900, 1.5760002478120423
0.1, 901, 1.5789815307817598
0.1, 902, 1.5563033707438674
0.1, 903, 1.5727350614959363
0.1, 904, 1.544470528168256
0.1, 905, 1.575883788424022
0.1, 906, 1.5156090689276542
0.1, 907, 1.5437028749534794
0.1, 908, 1.5302473869294835
0.1, 909, 1.5502995224174867
0.1, 910, 1.533847861883506
0.1, 911, 1.5968523298592658
0.1, 912, 1.5560118807776702
0.1, 913, 1.5834238784518262
0.1, 914, 1.571201751653569
0.1, 915, 1.5216303776861857
0.1, 916, 1.5893332641494395
0.1, 917, 1.5512246709557058
0.1, 918, 1.5427313163839012
0.1, 919, 1.602979310561352
0.1, 920, 1.5616641070955202
0.1, 921, 1.5505281300012117
0.1, 922, 1.5722911599068181
0.1, 923, 1.6052456755940983
0.1, 924, 1.5412080446783611
0.1, 925, 1.5431241033629226
0.1, 926, 1.556265667078129
0.1, 927, 1.5231899631396337
0.1, 928, 1.5039950044840777
0.1, 929, 1.5560602475115097
0.1, 930, 1.580250231373105
0.1, 931, 1.56945834650406
0.1, 932, 1.551176386339296
0.1, 933, 1.570869977659825
0.1, 934, 1.5557605744189917
0.1, 935, 1.537404773822554
0.1, 936, 1.5771317386431425
0.1, 937, 1.5611004047552979
0.1, 938, 1.5886076652767493
0.1, 939, 1.5336142728915105
0.1, 940, 1.5475988694983458
0.1, 941, 1.5930895253777553
0.1, 942, 1.5666862219340816
0.1, 943, 1.5978310302027696
0.1, 944, 1.535059620623742
0.1, 945, 1.56263198541362
0.1, 946, 1.5409097076441072
0.1, 947, 1.535928853760385
0.1, 948, 1.6065982295361778
0.1, 949, 1.566723184515212
0.1, 950, 1.5617110293435053
0.1, 951, 1.586097623900705
0.1, 952, 1.54895307198538
0.1, 953, 1.5919601118707205
0.1, 954, 1.543584040099943
0.1, 955, 1.5690056265953747
0.1, 956, 1.572333320792757
0.1, 957, 1.5198979495144624
0.1, 958, 1.5681384066217872
0.1, 959, 1.571328238967374
0.1, 960, 1.541464708693673
0.1, 961, 1.5630335692486768
0.1, 962, 1.5600813301229748
0.1, 963, 1.5122793024227767
0.1, 964, 1.576446690397286
0.1, 965, 1.5351191327482976
0.1, 966, 1.4967293485084245
0.1, 967, 1.5969144170858378
0.1, 968, 1.5743611431123254
0.1, 969, 1.523903025782959
0.1, 970, 1.5497729464124343
0.1, 971, 1.5425246150981002
0.1, 972, 1.5640406105262659
0.1, 973, 1.5229055697516882
0.1, 974, 1.5801180586984598
0.1, 975, 1.5541741210604552
0.1, 976, 1.5461507981629015
0.1, 977, 1.5642532957143112
0.1, 978, 1.6084987347997435
0.1, 979, 1.5263914386631814
0.1, 980, 1.56398327100695
0.1, 981, 1.5653327057485744
0.1, 982, 1.5256286943487114
0.1, 983, 1.5611261638587088
0.1, 984, 1.5610237058887217
0.1, 985, 1.5472035273040265
0.1, 986, 1.6011024717375673
0.1, 987, 1.5649148042035017
0.1, 988, 1.5789490376308766
0.1, 989, 1.5387102967060295
0.1, 990, 1.5629700954311956
0.1, 991, 1.5521978313450622
0.1, 992, 1.5302002227455869
0.1, 993, 1.5759869958174726
0.1, 994, 1.5371710120211655
0.1, 995, 1.548944339546718
0.1, 996, 1.557321112448086
0.1, 997, 1.573867737891593
0.1, 998, 1.5632289135790072
0.1, 999, 1.5537694546860206
0.1, 1000, 1.5518962301899966
0.5, 0, 0.0
0.5, 1, -0.7391641961721089
0.5, 2, -0.6185105831979465
0.5, 3, -0.2927078358003877
0.5, 4, -0.09732991033782659
0.5, 5, -0.04314409396170195
0.5, 6, 0.09844604322537302
0.5, 7, 0.18211951405994167
0.5, 8, 0.21338272643330372
0.5, 9, 0.3486883140761201
0.5, 10, 0.3305958791314548
0.5, 11, 0.41349891208036477
0.5, 12, 0.40896014571011335
0.5, 13, 0.42199199039593976
0.5, 14, 0.43162356475150876
0.5, 15, 0.4223517689724457
0.5, 16, 0.5614033211201583
0.5, 17, 0.4174141317840319
0.5, 18, 0.5272026955850484
0.5, 19, 0.5218756576301414
0.5, 20, 0.4559352978166131
0.5, 21, 0.5312149749433678
0.5, 22, 0.5248482125149988
0.5, 23, 0.5408374572307556
0.5, 24, 0.5304916389846295
0.5, 25, 0.6144004569048528
0.5, 26, 0.54117887017375
0.5, 27, 0.553543954074599
0.5, 28, 0.6074478692677757
0.5, 29, 0.6320501014543715
0.5, 30, 0.6252600451052734
0.5, 31, 0.5646082041652458
0.5, 32, 0.6025942843591404
0.5, 33, 0.6111243013367407
0.5, 34, 0.6445444221724118
0.5, 35, 0.6071014280290759
0.5, 36, 0.629676273195486
0.5, 37, 0.6697919873265676
0.5, 38, 0.6477983480512134
0.5, 39, 0.7122036544328568
0.5, 40, 0.6052097533126114
0.5, 41, 0.6340514028593197
0.5, 42, 0.6064598688039076
0.5, 43, 0.646871342762508
0.5, 44, 0.6608452862386666
0.5, 45, 0.6802616955727261
0.5, 46, 0.6595138287561219
0.5, 47, 0.6823408079288491
0.5, 48, 0.6791849417780547
0.5, 49, 0.6468072554003151
0.5, 50, 0.6537848514424898
0.5, 51, 0.6405703254181838
0.5, 52, 0.6988832653375459
0.5, 53, 0.6385283417925945
0.5, 54, 0.6621261645937156
0.5, 55, 0.6089349565765189
0.5, 56, 0.7106982578902667
0.5, 57, 0.7007604088159117
0.5, 58, 0.7318530865087733
0.5, 59, 0.6158967246448261
0.5, 60, 0.6767137648668329
0.5, 61, 0.7168055137982545
0.5, 62, 0.6283543656790267
0.5, 63, 0.7860087127317097
0.5, 64, 0.7728864193595244
0.5, 65, 0.6632162207682181
0.5, 66, 0.723721761615355
0.5, 67, 0.7324791536171456
0.5, 68, 0.6922170694197413
0.5, 69, 0.7270235286897232
0.5, 70, 0.7478463235805484
0.5, 71, 0.7231961367631825
0.5, 72, 0.7369477651996771
0.5, 73, 0.7177292815219466
0.5, 74, 0.7270118803280259
0.5, 75, 0.785246114890607
0.5, 76, 0.6918929809088553
0.5, 77, 0.659335379283391
0.5, 78, 0.732489171127951
0.5, 79, 0.7653123003213748
0.5, 80, 0.7358553466547758
0.5, 81, 0.7310855145476559
0.5, 82, 0.6995999749219393
0.5, 83, 0.6747380946629259
0.5, 84, 0.7608089731558859
0.5, 85, 0.7419121656647069
0.5, 86, 0.7682468821315446
0.5, 87, 0.7129312541914656
0.5, 88, 0.7062517584449514
0.5, 89, 0.6866718413881305
0.5, 90, 0.7188953421834705
0.5, 91, 0.7533427045622304
0.5, 92, 0.6851128706338472
0.5, 93, 0.7456047559517947
0.5, 94, 0.6506309062823925
0.5, 95, 0.7482739171797177
0.5, 96, 0.7198858025225746
0.5, 97, 0.7715806866515611
0.5, 98, 0.8080231132017777
0.5, 99, 0.7488230444357704
0.5, 100, 0.7073328757023666
0.5, 101, 0.6740339529258356
0.5, 102, 0.6571147612023563
0.5, 103, 0.7811282911729356
0.5, 104, 0.7389500949888876
0.5, 105, 0.7546554252607034
0.5, 106, 0.7077393871410238
0.5, 107, 0.7158221395781871
0.5, 108, 0.7488944278882536
0.5, 109, 0.7576748509836027
0.5, 110, 0.7272506811262721
0.5, 111, 0.7872517378617983
0.5, 112, 0.7188484628754823
0.5, 113, 0.7288375432101815
0.5, 114, 0.8114942891556228
0.5, 115, 0.717347675291201
0.5, 116, 0.7115264899228825
0.5, 117, 0.6896415977903447
0.5, 118, 0.7210752197235467
0.5, 119, 0.7314622970852848
0.5, 120, 0.7275755274171002
0.5, 121, 0.7819834168457
0.5, 122, 0.7027206945529971
0.5, 123, 0.768779888869841
0.5, 124, 0.7733866242082168
0.5, 125, 0.8234992958778944
0.5, 126, 0.7216955860953445
0.5, 127, 0.7699580172655056
0.5, 128, 0.7528242995017269
0.5, 129, 0.7397349782588791
0.5, 130, 0.7336973278887431
0.5, 131, 0.7738149896799267
0.5, 132, 0.7315580345517512
0.5, 133, 0.7368396315072901
0.5, 134, 0.7668360093784752
0.5, 135, 0.7198852302553823
0.5, 136, 0.7125656982587869
0.5, 137, 0.7340118756947402
0.5, 138, 0.7868550963825536
0.5, 139, 0.7674729975670204
0.5, 140, 0.7080399682829781
0.5, 141, 0.7191258877016498
0.5, 142, 0.7589905930596593
0.5, 143, 0.7235464371620242
0.5, 144, 0.7085940722338904
0.5, 145, 0.7686749606945334
0.5, 146, 0.6704762341202013
0.5, 147, 0.7476789703335658
0.5, 148, 0.7247456210070929
0.5, 149, 0.7609601307041934
0.5, 150, 0.7690175720255576
0.5, 151, 0.7484685867169061
0.5, 152, 0.7779314774023481
0.5, 153, 0.6978618363301194
0.5, 154, 0.7653711537289271
0.5, 155, 0.7344565918893045
0.5, 156, 0.7087833049662476
0.5, 157, 0.7483904659942973
0.5, 158, 0.7395124028171428
0.5, 159, 0.7901721144324723
0.5, 160, 0.7393378388358598
0.5, 161, 0.706019031656419
0.5, 162, 0.7070821324869611
0.5, 163, 0.7955095983685767
0.5, 164, 0.7510313928715954
0.5, 165, 0.8206133679045228
0.5, 166, 0.7468612741897557
0.5, 167, 0.7374782814270383
0.5, 168, 0.7311756505108714
0.5, 169, 0.7170558511533501
0.5, 170, 0.777938557330132
0.5, 171, 0.7656886988583377
0.5, 172, 0.8006973948662711
0.5, 173, 0.7201713276151355
0.5, 174, 0.7279264237836824
0.5, 175, 0.764130495786489
0.5, 176, 0.7867290831848174
0.5, 177, 0.745064756974108
0.5, 178, 0.7751114541930882
0.5, 179, 0.7766957089726708
0.5, 180, 0.7218181224334465
0.5, 181, 0.7630328587469893
0.5, 182, 0.7302381660963226
0.5, 183, 0.7293507270929371
0.5, 184, 0.699473115339035
0.5, 185, 0.6747201389856996
0.5, 186, 0.7740008027246467
0.5, 187, 0.7030192402080532
0.5, 188, 0.7589415069937249
0.5, 189, 0.7350937894192974
0.5, 190, 0.7131671508548988
0.5, 191, 0.7384448355067189
0.5, 192, 0.7733310253763289
0.5, 193, 0.7578737957362544
0.5, 194, 0.7976523580139111
0.5, 195, 0.7451675350732132
0.5, 196, 0.8269330132328433
0.5, 197, 0.6717157156675215
0.5, 198, 0.7197606548302372
0.5, 199, 0.7249662899532502
0.5, 200, 0.7889988673097185
0.5, 201, 0.7467951694690086
0.5, 202, 0.7328887810379131
0.5, 203, 0.729681221728725
0.5, 204, 0.7555357627649635
0.5, 205, 0.7722703157238162
0.5, 206, 0.692572356658653
0.5, 207, 0.6536245262297791
0.5, 208, 0.7871852086081351
0.5, 209, 0.7148244567129003
0.5, 210, 0.7162368119025437
0.5, 211, 0.7167721015486045
0.5, 212, 0.775726348722945
0.5, 213, 0.7366462406086317
0.5, 214, 0.782820982574302
0.5, 215, 0.7395273346688168
0.5, 216, 0.7365506003672223
0.5, 217, 0.70051720406855
0.5, 218, 0.7468361219474232
0.5, 219, 0.7988416909492843
0.5, 220, 0.7622760427390939
0.5, 221, 0.7470691473691747
0.5, 222, 0.6955906804899926
0.5, 223, 0.710807529368903
0.5, 224, 0.6639769417109512
0.5, 225, 0.7962927568920792
0.5, 226, 0.7154661972650547
0.5, 227, 0.7341194696340956
0.5, 228, 0.6983162808463207
0.5, 229, 0.7437229076768044
0.5, 230, 0.8235754004035256
0.5, 231, 0.6928126545246872
0.5, 232, 0.7895358366408268
0.5, 233, 0.7549177833829368
0.5, 234, 0.7756778082438849
0.5, 235, 0.7539410207791158
0.5, 236, 0.7556388447011054
0.5, 237, 0.7803788887891302
0.5, 238, 0.7156926633239025
0.5, 239, 0.7149623494546761
0.5, 240, 0.7198211971757918
0.5, 241, 0.7539823019053025
0.5, 242, 0.7025064880805865
0.5, 243, 0.7082635728550896
0.5, 244, 0.7615239224553265
0.5, 245, 0.7317207991405986
0.5, 246, 0.7272981595181904
0.5, 247, 0.7684508448662729
0.5, 248, 0.8013390055249763
0.5, 249, 0.6908728684322943
0.5, 250, 0.6734997032369998
0.5, 251, 0.7335910788926365
0.5, 252, 0.7639680060963328
0.5, 253, 0.6992189195647605
0.5, 254, 0.6935888561568199
0.5, 255, 0.7222828016519534
0.5, 256, 0.8203787158919635
0.5, 257, 0.7447210645153101
0.5, 258, 0.7306496502216873
0.5, 259, 0.740322807503791
0.5, 260, 0.7606711463645716
0.5, 261, 0.7814114938668886
0.5, 262, 0.7610985049755795
0.5, 263, 0.7551381862297573
0.5, 264, 0.7908213900762366
0.5, 265, 0.7232263665714439
0.5, 266, 0.785983036202472
0.5, 267, 0.7408950262437405
0.5, 268, 0.6914162705288415
0.5, 269, 0.7198996620275213
0.5, 270, 0.7258396751411017
0.5, 271, 0.7197424728937202
0.5, 272, 0.7560937515359161
0.5, 273, 0.8449288448769325
0.5, 274, 0.7402447647173563
0.5, 275, 0.7956492054722734
0.5, 276, 0.746505385870576
0.5, 277, 0.7363413116145571
0.5, 278, 0.8116138589173592
0.5, 279, 0.799713705777685
0.5, 280, 0.7498230930810367
0.5, 281, 0.7716846876269813
0.5, 282, 0.707457281372296
0.5, 283, 0.7755670466230741
0.5, 284, 0.7254490731848784
0.5, 285, 0.7686567586035838
0.5, 286, 0.8024359903976985
0.5, 287, 0.7186531682304751
0.5, 288, 0.7515357895761903
0.5, 289, 0.7798844503108313
0.5, 290, 0.7553353640740207
0.5, 291, 0.7383955234276698
0.5, 292, 0.7458101968525874
0.5, 293, 0.804662829044729
0.5, 294, 0.746174493922248
0.5, 295, 0.7112455958508703
0.5, 296, 0.712909724526503
0.5, 297, 0.7507379544996243
0.5, 298, 0.7878168395465902
0.5, 299, 0.7468241573554868
0.5, 300, 0.7360981752709458
0.5, 301, 0.6992757212196935
0.5, 302, 0.7020284633573096
0.5, 303, 0.7101689358976562
0.5, 304, 0.7219834780943738
0.5, 305, 0.7446664385569584
0.5, 306, 0.7296167944293936
0.5, 307, 0.7526422265617879
0.5, 308, 0.6384000161018413
0.5, 309, 0.7394184164941482
0.5, 310, 0.7348344678704106
0.5, 311, 0.694621684636234
0.5, 312, 0.7724296685996137
0.5, 313, 0.7939288009817013
0.5, 314, 0.7373193728220552
0.5, 315, 0.6794966140303531
0.5, 316, 0.7079992127283011
0.5, 317, 0.7352396849584356
0.5, 318, 0.742375278616946
0.5, 319, 0.753525471496399
0.5, 320, 0.726197110952584
0.5, 321, 0.7245104085170491
0.5, 322, 0.7392687907264475
0.5, 323, 0.7208878465470909
0.5, 324, 0.7305409799454686
0.5, 325, 0.7194496783729567
0.5, 326, 0.7383749320588276
0.5, 327, 0.7631273347206904
0.5, 328, 0.8343922207530658
0.5, 329, 0.7852630645882628
0.5, 330, 0.7907127632242292
0.5, 331, 0.7964099060227935
0.5, 332, 0.7161776300296918
0.5, 333, 0.784988692027269
0.5, 334, 0.679834478088679
0.5, 335, 0.6952811898184963
0.5, 336, 0.7796009312833234
0.5, 337, 0.7124671483800643
0.5, 338, 0.7433366184912275
0.5, 339, 0.8048611055701457
0.5, 340, 0.6821781492537615
0.5, 341, 0.6979248411885025
0.5, 342, 0.7358073474647131
0.5, 343, 0.7333116242505119
0.5, 344, 0.8205388972906762
0.5, 345, 0.7291488256821826
0.5, 346, 0.7567303683199373
0.5, 347, 0.7433296499453738
0.5, 348, 0.6922023333669708
0.5, 349, 0.7314247061484412
0.5, 350, 0.8104312442278467
0.5, 351, 0.7195605012961912
0.5, 352, 0.7192091876250062
0.5, 353, 0.6780733249333082
0.5, 354, 0.8001538428524283
0.5, 355, 0.7853755492154937
0.5, 356, 0.7825502582763395
0.5, 357, 0.7459954560683815
0.5, 358, 0.7419992406479602
0.5, 359, 0.7160157128610548
0.5, 360, 0.7443464986387812
0.5, 361, 0.7378228413567649
0.5, 362, 0.7086645025758213
0.5, 363, 0.6847183068410987
0.5, 364, 0.7904944988930502
0.5, 365, 0.7416531566426527
0.5, 366, 0.7805037322373255
0.5, 367, 0.7932545886287378
0.5, 368, 0.796567941905078
0.5, 369, 0.7886832550066135
0.5, 370, 0.7604985380556517
0.5, 371, 0.6892563508872604
0.5, 372, 0.7071242860849806
0.5, 373, 0.7202689596496236
0.5, 374, 0.6793405625129704
0.5, 375, 0.6977167111130592
0.5, 376, 0.7900565164862359
0.5, 377, 0.7871684338037633
0.5, 378, 0.7770527724981668
0.5, 379, 0.7423718717085265
0.5, 380, 0.7413399183263695
0.5, 381, 0.7794150502215401
0.5, 382, 0.8073560173890678
0.5, 383, 0.7532782729417477
0.5, 384, 0.739377960473447
0.5, 385, 0.7468403153147146
0.5, 386, 0.7835789016635281
0.5, 387, 0.8013725968686398
0.5, 388, 0.8050236173431733
0.5, 389, 0.7353257800363344
0.5, 390, 0.7240475669535522
0.5, 391, 0.7641903302790086
0.5, 392, 0.6984502980300622
0.5, 393, 0.7732292512713831
0.5, 394, 0.7395702078357425
0.5, 395, 0.7022778890920109
0.5, 396, 0.7679545745474322
0.5, 397, 0.7637122312523805
0.5, 398, 0.7406260052392968
0.5, 399, 0.7098274384549348
0.5, 400, 0.7153266274867008
0.5, 401, 0.7426377501696632
0.5, 402, 0.7758330677805916
0.5, 403, 0.7860827973386643
0.5, 404, 0.7205996217848106
0.5, 405, 0.8001007658987942
0.5, 406, 0.7326048923936165
0.5, 407, 0.7458084731852932
0.5, 408, 0.7537562888269216
0.5, 409, 0.7178836188136168
0.5, 410, 0.7716062029683488
0.5, 411, 0.7748883149949933
0.5, 412, 0.788618867678042
0.5, 413, 0.6770255777995996
0.5, 414, 0.7556181012093165
0.5, 415, 0.7425096934313317
0.5, 416, 0.7217273875692743
0.5, 417, 0.6907190951753956
0.5, 418, 0.7511202652403317
0.5, 419, 0.7758860091295693
0.5, 420, 0.7622500244492211
0.5, 421, 0.7500274058792815
0.5, 422, 0.7462200327673555
0.5, 423, 0.7740743503177998
0.5, 424, 0.7293447052216511
0.5, 425, 0.7276385433754275
0.5, 426, 0.7452028479740177
0.5, 427, 0.7858915591598377
0.5, 428, 0.6951940969656031
0.5, 429, 0.7602467879216085
0.5, 430, 0.7661213260189409
0.5, 431, 0.6655474989256099
0.5, 432, 0.748773366792637
0.5, 433, 0.7863134984988045
0.5, 434, 0.7331969099043062
0.5, 435, 0.7025212525213804
0.5, 436, 0.7068042795974988
0.5, 437, 0.704835755923928
0.5, 438, 0.7311408437730665
0.5, 439, 0.717702250229535
0.5, 440, 0.7559700826027033
0.5, 441, 0.7027459395487514
0.5, 442, 0.718564930478953
0.5, 443, 0.726009570296634
0.5, 444, 0.7279859892895567
0.5, 445, 0.7463052416958026
0.5, 446, 0.7656339474315567
0.5, 447, 0.7549623314356527
0.5, 448, 0.7465799743080761
0.5, 449, 0.7429099980429502
0.5, 450, 0.7369311777818693
0.5, 451, 0.772829080615134
0.5, 452, 0.7477971242328809
0.5, 453, 0.7505289602473459
0.5, 454, 0.7366314121966155
0.5, 455, 0.6910422148495247
0.5, 456, 0.7358967661059167
0.5, 457, 0.7071887730919164
0.5, 458, 0.7361392383557863
0.5, 459, 0.8035787728811381
0.5, 460, 0.7532335013473328
0.5, 461, 0.7341285692080605
0.5, 462, 0.7288639131899518
0.5, 463, 0.7311558597344223
0.5, 464, 0.7933663251421453
0.5, 465, 0.7556680079212336
0.5, 466, 0.7453328967704793
0.5, 467, 0.7470115855509436
0.5, 468, 0.7874990317542758
0.5, 469, 0.7146849213522173
0.5, 470, 0.7845341895667519
0.5, 471, 0.7189039187524062
0.5, 472, 0.7666679468681564
0.5, 473, 0.7634238990474231
0.5, 474, 0.8255516428238869
0.5, 475, 0.644918976487228
0.5, 476, 0.712638460659569
0.5, 477, 0.7062067342870193
0.5, 478, 0.7310609089952648
0.5, 479, 0.7173879188729383
0.5, 480, 0.7671511169166298
0.5, 481, 0.7873274877727132
0.5, 482, 0.6886311161057651
0.5, 483, 0.8086865128109504
0.5, 484, 0.7575646486467904
0.5, 485, 0.7513997488165788
0.5, 486, 0.7099247485226844
0.5, 487, 0.8142604126573358
0.5, 488, 0.7595859208279767
0.5, 489, 0.7671102778365757
0.5, 490, 0.8024393711508749
0.5, 491, 0.7624215228624875
0.5, 492, 0.7096887475819397
0.5, 493, 0.771747340496379
0.5, 494, 0.787158899679972
0.5, 495, 0.73768824722549
0.5, 496, 0.7182028135770882
0.5, 497, 0.7188473693579864
0.5, 498, 0.7961888173416457
0.5, 499, 0.8191313751695304
0.5, 500, 0.7679115775026623
0.5, 501, 0.7352299694861286
0.5, 502, 0.794433105398001
0.5, 503, 0.7208355158533768
0.5, 504, 0.7806854828927915
0.5, 505, 0.7747989376624378
0.5, 506, 0.7473794498015713
0.5, 507, 0.7043042742322527
0.5, 508, 0.7766371207116712
0.5, 509, 0.7881169602569479
0.5, 510, 0.7170649963240453
0.5, 511, 0.754663908951751
0.5, 512, 0.7379228299549465
0.5, 513, 0.7193325395020533
0.5, 514, 0.7848011127838915
0.5, 515, 0.7633676536846751
0.5, 516, 0.7399885752751096
0.5, 517, 0.6953032996518466
0.5, 518, 0.695178410382333
0.5, 519, 0.7918940085101276
0.5, 520, 0.7390319369086603
0.5, 521, 0.6612075826506078
0.5, 522, 0.7130421432128404
0.5, 523, 0.7857915486470587
0.5, 524, 0.7354319866199921
0.5, 525, 0.7925989168179888
0.5, 526, 0.7629393156912065
0.5, 527, 0.7517504066073218
0.5, 528, 0.7821367142824385
0.5, 529, 0.7933305847757007
0.5, 530, 0.7472345119085931
0.5, 531, 0.8176142994319809
0.5, 532, 0.7699536708137946
0.5, 533, 0.7347822874844041
0.5, 534, 0.7468302903368536
0.5, 535, 0.7031621983758699
0.5, 536, 0.7518363162602381
0.5, 537, 0.7784343793331642
0.5, 538, 0.7846361796677249
0.5, 539, 0.8063040494840635
0.5, 540, 0.754182963807386
0.5, 541, 0.7529422835341876
0.5, 542, 0.8162725530060486
0.5, 543, 0.7283602256816692
0.5, 544, 0.7395851605729952
0.5, 545, 0.728500033993596
0.5, 546, 0.7325322103010724
0.5, 547, 0.672974888294806
0.5, 548, 0.7297124309905605
0.5, 549, 0.6881813636973726
0.5, 550, 0.7535433279918076
0.5, 551, 0.7500030811054391
0.5, 552, 0.8041948645614343
0.5, 553, 0.7162253083079783
0.5, 554, 0.7374760840741214
0.5, 555, 0.7928582641795208
0.5, 556, 0.7499448118546315
0.5, 557, 0.7724227391442152
0.5, 558, 0.7371588523910368
0.5, 559, 0.7576354674281183
0.5, 560, 0.7141971821769342
0.5, 561, 0.7916587813877376
0.5, 562, 0.7465346810281882
0.5, 563, 0.7271406638108835
0.5, 564, 0.76232265110099
0.5, 565, 0.7305374689827182
0.5, 566, 0.8070875033389892
0.5, 567, 0.698835709475861
0.5, 568, 0.7274182807355803
0.5, 569, 0.7038563554902043
0.5, 570, 0.6862359134202023
0.5, 571, 0.7482527946240638
0.5, 572, 0.7491674365045699
0.5, 573, 0.7277370262136231
0.5, 574, 0.7162017812591498
0.5, 575, 0.7639509511956428
0.5, 576, 0.7376773700535064
0.5, 577, 0.7483332584710525
0.5, 578, 0.7581197303563987
0.5, 579, 0.7336063076879658
0.5, 580, 0.765642192335396
0.5, 581, 0.7827150251836448
0.5, 582, 0.8110020082632
0.5, 583, 0.8132772167142038
0.5, 584, 0.7795061129528086
0.5, 585, 0.7425988157344766
0.5, 586, 0.7679398532033932
0.5, 587, 0.7169451567338544
0.5, 588, 0.7275468237821281
0.5, 589, 0.7287318904800065
0.5, 590, 0.722987978360254
0.5, 591, 0.7556807697285595
0.5, 592, 0.7278913716216232
0.5, 593, 0.7731031080498404
0.5, 594, 0.6903974605353735
0.5, 595, 0.7485980416017163
0.5, 596, 0.7024807327322231
0.5, 597, 0.7718415839710129
0.5, 598, 0.7297916725538148
0.5, 599, 0.6949255617964376
0.5, 600, 0.7744049489107717
0.5, 601, 0.7144866247048357
0.5, 602, 0.7597885279677036
0.5, 603, 0.810235274589897
0.5, 604, 0.7908326744008112
0.5, 605, 0.8079256098995111
0.5, 606, 0.7479724419184058
0.5, 607, 0.7396607284166805
0.5, 608, 0.6855924257739855
0.5, 609, 0.7183237902433707
0.5, 610, 0.703339459694087
0.5, 611, 0.7607214391698864
0.5, 612, 0.7615938257289805
0.5, 613, 0.7736370023237631
0.5, 614, 0.6868482726087725
0.5, 615, 0.7581953509541872
0.5, 616, 0.7219586989111657
0.5, 617, 0.7847078713765857
0.5, 618, 0.8062019187939966
0.5, 619, 0.7637694469496413
0.5, 620, 0.8517275657454308
0.5, 621, 0.7185469111142156
0.5, 622, 0.7353756719282947
0.5, 623, 0.7349462245597723
0.5, 624, 0.8259435270941902
0.5, 625, 0.778826411989174
0.5, 626, 0.7699730721298924
0.5, 627, 0.6817958472050605
0.5, 628, 0.7275181794026951
0.5, 629, 0.7394818077854043
0.5, 630, 0.7410121738659443
0.5, 631, 0.8079890444474852
0.5, 632, 0.7147866699806994
0.5, 633, 0.7541522505820475
0.5, 634, 0.7744406663566148
0.5, 635, 0.7652797181773875
0.5, 636, 0.7261873613786621
0.5, 637, 0.7430042430470752
0.5, 638, 0.7188637635429145
0.5, 639, 0.7501561682380994
0.5, 640, 0.7145079371589615
0.5, 641, 0.7585889712748006
0.5, 642, 0.7516917218707696
0.5, 643, 0.7163889200410155
0.5, 644, 0.7397884252419944
0.5, 645, 0.7828043659152389
0.5, 646, 0.7651487323460534
0.5, 647, 0.7040972425553228
0.5, 648, 0.7261533997468621
0.5, 649, 0.7311962109843282
0.5, 650, 0.7975326379691497
0.5, 651, 0.7490040334621526
0.5, 652, 0.7503174048430793
0.5, 653, 0.7831458905390613
0.5, 654, 0.8153817993439009
0.5, 655, 0.6952696323910599
0.5, 656, 0.8182113599623191
0.5, 657, 0.7346373136038163
0.5, 658, 0.7127682699727468
0.5, 659, 0.7323755610478911
0.5, 660, 0.7730290908486117
0.5, 661, 0.6843629698029798
0.5, 662, 0.7061245337272218
0.5, 663, 0.716128030685223
0.5, 664, 0.6962080622085782
0.5, 665, 0.7381746975746343
0.5, 666, 0.7237234446737117
0.5, 667, 0.7454029587017124
0.5, 668, 0.7242575486400844
0.5, 669, 0.8019045235465746
0.5, 670, 0.706870059504499
0.5, 671, 0.7538450400563023
0.5, 672, 0.75087201514867
0.5, 673, 0.746797919182454
0.5, 674, 0.7516902379891914
0.5, 675, 0.7382323762192355
0.5, 676, 0.7050696345887065
0.5, 677, 0.7535864197816959
0.5, 678, 0.7728726720223069
0.5, 679, 0.7565726632274382
0.5, 680, 0.7442526416378358
0.5, 681, 0.7972135654324075
0.5, 682, 0.728601085113528
0.5, 683, 0.7417127512572503
0.5, 684, 0.7379305544449856
0.5, 685, 0.7074849239787945
0.5, 686, 0.6960722889403842
0.5, 687, 0.776985621157004
0.5, 688, 0.7921457019095022
0.5, 689, 0.7503127232129305
0.5, 690, 0.7230337026683541
0.5, 691, 0.7701450481470934
0.5, 692, 0.7178403201360054
0.5, 693, 0.705662998661587
0.5, 694, 0.796222692901403
0.5, 695, 0.7458502822473707
0.5, 696, 0.755422128692939
0.5, 697, 0.7185768842912801
0.5, 698, 0.7369928847629359
0.5, 699, 0.7566653198004591
0.5, 700, 0.7439630042548175
0.5, 701, 0.7394894962529543
0.5, 702, 0.7546872584746994
0.5, 703, 0.7402553211118404
0.5, 704, 0.7176968440198307
0.5, 705, 0.8318509120462767
0.5, 706, 0.757866002727664
0.5, 707, 0.7454246315823244
0.5, 708, 0.8009292826466626
0.5, 709, 0.7413561301435582
0.5, 710, 0.6964192251424931
0.5, 711, 0.7617590667794417
0.5, 712, 0.7346501218732404
0.5, 713, 0.7286307239453407
0.5, 714, 0.7298792337631628
0.5, 715, 0.6841483136369583
0.5, 716, 0.6874514837961208
0.5, 717, 0.7374326144782687
0.5, 718, 0.7678874873904881
0.5, 719, 0.7385463571018875
0.5, 720, 0.7140800679563747
0.5, 721, 0.7429480011827576
0.5, 722, 0.7616463926518818
0.5, 723, 0.7676713223285402
0.5, 724, 0.697288563969756
0.5, 725, 0.7732115140552754
0.5, 726, 0.6790799166534301
0.5, 727, 0.7090875199510814
0.5, 728, 0.6954575174872848
0.5, 729, 0.711563728263953
0.5, 730, 0.7530659490970693
0.5, 731, 0.7252070893939052
0.5, 732, 0.7283959701424373
0.5, 733, 0.7219647890406437
0.5, 734, 0.7784860954352897
0.5, 735, 0.7156748525011158
0.5, 736, 0.7011575137658353
0.5, 737, 0.7464353614908493
0.5, 738, 0.7515970406511479
0.5, 739, 0.814826981410305
0.5, 740, 0.7717161469686498
0.5, 741, 0.7407498299947497
0.5, 742, 0.7671290960352396
0.5, 743, 0.7397784626695405
0.5, 744, 0.7612516783724312
0.5, 745, 0.7616330725130517
0.5, 746, 0.7332438156571909
0.5, 747, 0.7494019032161883
0.5, 748, 0.7455529552774989
0.5, 749, 0.719788852175326
0.5, 750, 0.7188141510382855
0.5, 751, 0.6968133940344157
0.5, 752, 0.7501712135676852
0.5, 753, 0.7552008137936986
0.5, 754, 0.6956207470962761
0.5, 755, 0.7454582987111389
0.5, 756, 0.7263250693382872
0.5, 757, 0.7335135524835928
0.5, 758, 0.7286706154120373
0.5, 759, 0.7495834695819242
0.5, 760, 0.789934359868967
0.5, 761, 0.7464018423072445
0.5, 762, 0.7513638642467384
0.5, 763, 0.7637655516762241
0.5, 764, 0.7570404681969503
0.5, 765, 0.7961813900216422
0.5, 766, 0.7332564186093452
0.5, 767, 0.8254144865214822
0.5, 768, 0.8077335072315027
0.5, 769, 0.7171073592891545
0.5, 770, 0.709066475230653
0.5, 771, 0.7052329509485715
0.5, 772, 0.7265250149772073
0.5, 773, 0.7162797310783775
0.5, 774, 0.7253649548820221
0.5, 775, 0.6866293889745786
0.5, 776, 0.7353190435957984
0.5, 777, 0.7463848311131058
0.5, 778, 0.8351597154505431
0.5, 779, 0.7268262253070714
0.5, 780, 0.7589055042254478
0.5, 781, 0.7306767327353271
0.5, 782, 0.7766214298703903
0.5, 783, 0.7047309655928317
0.5, 784, 0.7365952066954937
0.5, 785, 0.7434295609258178
0.5, 786, 0.698051846813156
0.5, 787, 0.6828226928405453
0.5, 788, 0.7289586514726019
0.5, 789, 0.7080581441456549
0.5, 790, 0.7454202268960841
0.5, 791, 0.7676648914116859
0.5, 792, 0.7388858164343177
0.5, 793, 0.7152258063461365
0.5, 794, 0.732732582785522
0.5, 795, 0.7467245723753474
0.5, 796, 0.8040464846322196
0.5, 797, 0.7087554362678344
0.5, 798, 0.7464735809336768
0.5, 799, 0.753433604228724
0.5, 800, 0.7410822927434113
0.5, 801, 0.7395576456465295
0.5, 802, 0.7796048461715779
0.5, 803, 0.7156062866485359
0.5, 804, 0.7350176992670232
0.5, 805, 0.7455621659863143
0.5, 806, 0.7307038588937251
0.5, 807, 0.6801402096877857
0.5, 808, 0.7644548968678481
0.5, 809, 0.7545846277113006
0.5, 810, 0.7530317616044665
0.5, 811, 0.7350068619787679
0.5, 812, 0.7586684436808426
0.5, 813, 0.7317629287825449
0.5, 814, 0.7754919099120552
0.5, 815, 0.7674239422277684
0.5, 816, 0.7449785171254544
0.5, 817, 0.6799035969015128
0.5, 818, 0.7075670015405309
0.5, 819, 0.7319037344858206
0.5, 820, 0.8308545399319411
0.5, 821, 0.6704745309604881
0.5, 822, 0.7244860077851186
0.5, 823, 0.7867450230183637
0.5, 824, 0.744215862949931
0.5, 825, 0.7879547194305352
0.5, 826, 0.7328894650574049
0.5, 827, 0.7543340032955361
0.5, 828, 0.7262291846408404
0.5, 829, 0.7438574437023094
0.5, 830, 0.7219568965233955
0.5, 831, 0.7383011392716406
0.5, 832, 0.7580711954299975
0.5, 833, 0.7666915642053159
0.5, 834, 0.765213586172684
0.5, 835, 0.8007241619824915
0.5, 836, 0.662661737754811
0.5, 837, 0.6997239223146708
0.5, 838, 0.7376023095942273
0.5, 839, 0.7703771647062825
0.5, 840, 0.7851187458121149
0.5, 841, 0.6606577035749538
0.5, 842, 0.7903603903686156
0.5, 843, 0.7443056434280088
0.5, 844, 0.7483446627270823
0.5, 845, 0.7289711101474877
0.5, 846, 0.7104655414770046
0.5, 847, 0.7097477126193985
0.5, 848, 0.7824458663385534
0.5, 849, 0.8072094943129602
0.5, 850, 0.7052391272740928
0.5, 851, 0.6924548391599157
0.5, 852, 0.7696443933685274
0.5, 853, 0.7289549171851498
0.5, 854, 0.759042628838184
0.5, 855, 0.6752674049170748
0.5, 856, 0.7114672385868535
0.5, 857, 0.714512065582258
0.5, 858, 0.7636965367129388
0.5, 859, 0.6999210546382593
0.5, 860, 0.7529275102758531
0.5, 861, 0.7169833540735407
0.5, 862, 0.6808658198022791
0.5, 863, 0.7913500194427618
0.5, 864, 0.8176503945759073
0.5, 865, 0.7524180331002659
0.5, 866, 0.6696870508950669
0.5, 867, 0.7648611753203605
0.5, 868, 0.7103578603704389
0.5, 869, 0.7599515760129524
0.5, 870, 0.7661869311065606
0.5, 871, 0.787300981709282
0.5, 872, 0.7319496557689914
0.5, 873, 0.8057975988708092
0.5, 874, 0.7762483257221277
0.5, 875, 0.7299814315531414
0.5, 876, 0.710773522405254
0.5, 877, 0.7063011162432354
0.5, 878, 0.7227013629243912
0.5, 879, 0.746180440917913
0.5, 880, 0.6917417275495276
0.5, 881, 0.7482971360852539
0.5, 882, 0.7850425004199891
0.5, 883, 0.7492051798800926
0.5, 884, 0.7550335516867716
0.5, 885, 0.7834625218971865
0.5, 886, 0.7222736658275439
0.5, 887, 0.7745782242464291
0.5, 888, 0.7076328223935161
0.5, 889, 0.7200656578071156
0.5, 890, 0.7394645860770298
0.5, 891, 0.7549617747301173
0.5, 892, 0.7489928962657926
0.5, 893, 0.7186991207610308
0.5, 894, 0.6619430670711923
0.5, 895, 0.7183338750700109
0.5, 896, 0.7493215365729163
0.5, 897, 0.7727405651872797
0.5, 898, 0.7130338826416809
0.5, 899, 0.7074708222999966
0.5, 900, 0.7600130844562129
0.5, 901, 0.7249920832714758
0.5, 902, 0.7822316187143585
0.5, 903, 0.746020677591038
0.5, 904, 0.7331112440189713
0.5, 905, 0.7802648923982806
0.5, 906, 0.7565832914919246
0.5, 907, 0.7805459573842065
0.5, 908, 0.7165361752959493
0.5, 909, 0.7611334299284821
0.5, 910, 0.7295611586333018
0.5, 911, 0.7139668836441552
0.5, 912, 0.7974563341974904
0.5, 913, 0.671155835038632
0.5, 914, 0.7182662455042529
0.5, 915, 0.765523088503096
0.5, 916, 0.752593382715823
0.5, 917, 0.8101197306792095
0.5, 918, 0.7880245643268079
0.5, 919, 0.7167736123233288
0.5, 920, 0.7722089018600551
0.5, 921, 0.7810051163375656
0.5, 922, 0.7227640309369561
0.5, 923, 0.7647951305869987
0.5, 924, 0.7564846678873548
0.5, 925, 0.7382268454859054
0.5, 926, 0.7418900399135993
0.5, 927, 0.7143155527612747
0.5, 928, 0.7488300211496585
0.5, 929, 0.7449470446324106
0.5, 930, 0.7974072991375373
0.5, 931, 0.7869468663670712
0.5, 932, 0.7823475508720932
0.5, 933, 0.7499751756109475
0.5, 934, 0.69858986703456
0.5, 935, 0.7449406804834163
0.5, 936, 0.7573271218206986
0.5, 937, 0.7859906275358993
0.5, 938, 0.7464121131995518
0.5, 939, 0.7956156575431147
0.5, 940, 0.7698850908202414
0.5, 941, 0.6982919783846614
0.5, 942, 0.6996304695076365
0.5, 943, 0.7693276778434552
0.5, 944, 0.7451550294465903
0.5, 945, 0.7445305818005366
0.5, 946, 0.7199917709206054
0.5, 947, 0.7722845139265365
0.5, 948, 0.7213448553544075
0.5, 949, 0.7432953764595542
0.5, 950, 0.7492660366242093
0.5, 951, 0.7811372238639432
0.5, 952, 0.7761797835593534
0.5, 953, 0.7423062249888024
0.5, 954, 0.7607977682005871
0.5, 955, 0.7119184039655442
0.5, 956, 0.7606557377331403
0.5, 957, 0.7393551620276798
0.5, 958, 0.7217378697528275
0.5, 959, 0.7623181234543178
0.5, 960, 0.7728828471871336
0.5, 961, 0.6952794171448234
0.5, 962, 0.7184830104127361
0.5, 963, 0.7383377608426938
0.5, 964, 0.7392045274043064
0.5, 965, 0.7591995743072522
0.5, 966, 0.7553269494681553
0.5, 967, 0.753566349914187
0.5, 968, 0.73017663497395
0.5, 969, 0.7295431727658507
0.5, 970, 0.8437096726617881
0.5, 971, 0.7261427259738809
0.5, 972, 0.7585307281975247
0.5, 973, 0.8002255872849383
0.5, 974, 0.7362025110094667
0.5, 975, 0.737196263943586
0.5, 976, 0.7190900667215386
0.5, 977, 0.7654611327440174
0.5, 978, 0.7767215524551204
0.5, 979, 0.7589969633139675
0.5, 980, 0.8148455384698613
0.5, 981, 0.8370277894044301
0.5, 982, 0.7614691274228336
0.5, 983, 0.7080222804051769
0.5, 984, 0.7156149499029182
0.5, 985, 0.7087921857755394
0.5, 986, 0.7246644927867204
0.5, 987, 0.7649257601698168
0.5, 988, 0.7157274025413368
0.5, 989, 0.7541983775213245
0.5, 990, 0.7624087315963359
0.5, 991, 0.7244974873814642
0.5, 992, 0.7161997972994717
0.5, 993, 0.7305734903754656
0.5, 994, 0.7866433919297626
0.5, 995, 0.7325319342746188
0.5, 996, 0.7156537274448412
0.5, 997, 0.7707678166606917
0.5, 998, 0.7760249122685203
0.5, 999, 0.7993376084435446
0.5, 1000, 0.7023419572370089