5, 0.0, 1.940231258228005, 3.4876170102090036
5, 1.0, 3.5182719726263008, 3.216211359924685
5, 2.0, 0.8381037029042053, 2.9207774511945175
5, 3.0, 1.5787504764905131, 2.4563137354645583
5, 4.0, 2.678883161419898, 1.8296692663101601
5, 5.0, 1.420898585171154, 1.856423834659299
5, 6.0, 2.5862251242595855, 1.8985329663758226
5, 7.0, -0.212641833900874, 1.4218816465809272
5, 8.0, -0.2091940884424539, 1.3090937318901905
5, 9.0, 4.390156284037804, 1.5660204797196238
5, 10.0, 3.327570878307636, 1.3105069284753263
5, 11.0, 1.931920420429897, 1.4934705114701887
5, 12.0, 2.374556593413906, 1.632633778690432
5, 13.0, 0.14645056899252262, 1.2352590407889408
5, 14.0, 3.761359497614375, 1.4411583275702113
5, 15.0, -0.17883740021969063, 1.4553452061221122
5, 16.0, 0.8833676437855282, 2.4155885052660007
5, 17.0, 2.0776717003581853, 1.4412716562061565
5, 18.0, 0.5622216345824496, 1.6711557887160517
5, 19.0, 2.8514194903106644, 1.8864503404721258
5, 20.0, 2.6520895561651217, 2.6201934611667816
5, 21.0, 2.6204852375468946, 2.6626019325050687
5, 22.0, 2.1843295045712936, 2.939698223042633
5, 23.0, 3.5510202437677654, 3.295339168018479
5, 24.0, 3.485083976440782, 3.110008696083849
5, 25.0, 3.37122518276682, 2.7031141150645426
5, 26.0, 3.2443781268494156, 3.1918931960534627
5, 27.0, 1.6228515255300433, 4.166470924864564
5, 28.0, 5.216710330136251, 5.068518362727122
5, 29.0, 2.6982663371754287, 5.9510990040616925
5, 30.0, 7.92811868820275, 5.167475308190397
5, 31.0, 6.3419140677629375, 4.699401655719324
5, 32.0, 3.52835355808393, 4.530342071831694
5, 33.0, 5.788439190610664, 4.367580998118618
5, 34.0, 5.559307260849703, 5.100589415850687
5, 35.0, 6.891138617875191, 5.2958874245740395
5, 36.0, 5.143881972834605, 5.698538762515447
5, 37.0, 3.82709722750771, 6.290431595459699
5, 38.0, 7.403457086008352, 7.072067951589024
5, 39.0, 8.281555160006763, 5.997736724085873
5, 40.0, 5.316808080796357, 5.730242176116301
5, 41.0, 8.6822397934115, 6.182360169912165
5, 42.0, 4.120553134129311, 6.0584679618200425
5, 43.0, 6.6057299831060226, 6.941110831778275
5, 44.0, 5.616878949080291, 6.702175887684169
5, 45.0, 5.307116010180322, 6.641219463199899
5, 46.0, 8.028669701088099, 7.132310428839721
5, 47.0, 7.092523490143959, 7.0595122323697135
5, 48.0, 4.074385427560492, 6.6679325308737765
5, 49.0, 6.534780776488931, 7.138719747877793
5, 50.0, 7.172867999227713, 6.62164129687467
5, 51.0, 6.889314502614951, 6.604692272605484
5, 52.0, 6.197735241798497, 6.704793433463159
5, 53.0, 5.7943704845489075, 6.153423880628713
5, 54.0, 5.977398661873535, 6.8219458110804005
5, 55.0, 6.586160198027962, 6.916349862327932
5, 56.0, 5.50475848819079, 6.11766902582833
5, 57.0, 3.4670442035845856, 5.816230793096096
5, 58.0, 7.1606573222566965, 5.548285126078111
5, 59.0, 5.7516588785363485, 5.399015090702352
5, 60.0, 5.157040332774811, 4.651787410346227
5, 61.0, 7.846070494771388, 5.442190301872347
5, 62.0, 4.866869924545727, 4.7347411273099365
5, 63.0, 4.207924717070792, 5.026328263625022
5, 64.0, 5.822723592914756, 4.324910193864968
5, 65.0, 3.943907396412355, 4.041588764351161
5, 66.0, 2.4919424978735734, 3.6988193638550837
5, 67.0, 5.101615513310844, 3.3017676396941664
5, 68.0, 3.221218131008161, 3.4001215736969526
5, 69.0, 2.8494104663420696, 3.8984282440121074
5, 70.0, 4.627537850274188, 3.4159395014857887
5, 71.0, 3.252401592090858, 3.2667070663176436
5, 72.0, 1.9882672443946294, 3.378633198108694
5, 73.0, 3.466610384933284, 3.4120585366489555
5, 74.0, 4.70636168471565, 3.7504440004950337
5, 75.0, 3.9728329120023917, 3.583942174781799
5, 76.0, 2.650326256282735, 3.2081200555155016
5, 77.0, 7.251828711870701, 3.7257816232845125
5, 78.0, 6.174163375207181, 3.3847797146659104
5, 79.0, 5.934544647287282, 3.5809924177365318
5, 80.0, 6.969156399959577, 3.731216730255321
5, 81.0, 4.763654416237346, 3.401089490360514
5, 82.0, 3.155593905850243, 2.8427091932598385
5, 83.0, 4.582819282586386, 2.6525189141793084
5, 84.0, -1.037707880553162, 1.5220334987928745
5, 85.0, 2.8585857287476863, 1.633380269470917
5, 86.0, 0.45079840537876015, 1.2467802982688414
5, 87.0, 1.4327997952761953, 1.4537769538896121
5, 88.0, 3.0582004100148987, 1.7768610391056014
5, 89.0, 0.11808481774885338, 1.4220554352990238
5, 90.0, 2.105857487803007, 1.2024761429536128
5, 91.0, 1.31959878340554, 1.883374425991109
5, 92.0, -1.050387835395123, 2.0648998814368076
5, 93.0, 4.891524763501785, 1.9978546419907404
5, 94.0, 3.353606644908183, 2.047103933045787
5, 95.0, 3.512172077384994, 2.2560335079717633
5, 96.0, 0.4777439800885852, 1.9100047327434337
5, 97.0, 6.147281087253095, 2.0352370807501576
5, 98.0, 3.1299094599565978, 2.5208794052643837
5, 99.0, 1.913481873721925, 2.620531600280406
10, 0.0, -0.11660481088138679, -0.22051674888115677
10, 1.0, 2.1558195451366906, -0.024328894587778704
10, 2.0, -0.7075545340234354, 0.4179594654100972
10, 3.0, 3.076103460644661, 0.8863503626230679
10, 4.0, 1.6438762571497376, 0.9744370780223652
10, 5.0, 2.335644959176081, 0.8668188923664952
10, 6.0, 2.0664600174945806, 0.8521073831744749
10, 7.0, 0.8129434132069387, 0.5985272879812393
10, 8.0, 2.5899349968104843, 0.09421307551910874
10, 9.0, -0.17905836175160217, 0.6843710337420698
10, 10.0, 3.575786808770809, 0.6586504136293514
10, 11.0, 0.15723740912641154, 0.14748296917628045
10, 12.0, -0.008992282530165485, 0.9087461834524264
10, 13.0, 2.0657321636438644, 0.8949285638372386
10, 14.0, -2.8604904931792916, -0.08456730395253853
10, 15.0, -1.495176529090561, -0.709868639648269
10, 16.0, -1.4685144906347616, -1.0773457611603523
10, 17.0, 0.3075662333183461, -0.5661389170447966
10, 18.0, -1.4757126283312492, -0.8420873018008572
10, 19.0, -0.8768558789257823, -1.1265785524812406
10, 20.0, -0.8180097853387306, -0.6456253607638058
10, 21.0, -0.704454679179652, -0.49050301356485737
10, 22.0, -0.6272932953377064, -0.8487116774156249
10, 23.0, 0.18488003431645794, -0.8086581433443849
10, 24.0, 0.7830709815334217, -0.6657635619191414
10, 25.0, -3.284998070841988, -0.9528106817537016
10, 26.0, 0.059238408183443, -0.3677815887926813
10, 27.0, -3.8104811369090723, -0.5258311822090485
10, 28.0, 0.02716621373995498, -0.6590489874087073
10, 29.0, -0.6953451321329043, -0.5384980390561374
10, 30.0, -0.867013003342102, -0.0824802839263335
10, 31.0, -1.713654587570044, -0.3495338285189922
10, 32.0, 1.6398776045013639, -0.4642970311291835
10, 33.0, 2.7168264389792762, -0.986434938325268
10, 34.0, -2.5255535410043204, -1.6668307194827157
10, 35.0, -2.9212081604324514, -0.9191821180043463
10, 36.0, -2.0688925292870572, -0.5825411205765281
10, 37.0, 2.66582759254681, 0.2838607171320412
10, 38.0, 1.8311064226131826, 1.7161831648141583
10, 39.0, 4.656838210786081, 2.0957818336343834
10, 40.0, 1.2857788944141353, 1.8817726350443076
10, 41.0, -0.94978631253186, 1.3198321284928212
10, 42.0, 0.5165936392301524, 1.2276019351318845
10, 43.0, 0.0937664641297582, 1.4999182665096298
10, 44.0, -1.0035380424866363, 0.8225197870188931
10, 45.0, 2.895901109532064, 1.189658252656396
10, 46.0, 0.7460065314084648, 1.5296259982982852
10, 47.0, 0.24901391944066464, 2.709436148577007
10, 48.0, 1.5248683792059698, 2.8024520044718897
10, 49.0, -1.7047211492697705, 2.251550534486101
10, 50.0, 3.1849961949758496, 2.9931854440071186
10, 51.0, 2.612409287403399, 3.2689225487857945
10, 52.0, 3.3033039824054375, 3.3705300348249665
10, 53.0, 2.4954546863393263, 4.01466303695132
10, 54.0, 7.695392898480263, 4.0664293350334955
10, 55.0, 2.2502070057835395, 3.685810325908103
10, 56.0, 3.4848777933637054, 3.6828843358239527
10, 57.0, 3.8271583816135344, 3.4897143723772936
10, 58.0, -0.7522660433348656, 2.440421197613187
10, 59.0, 4.329739962177979, 2.338187457144376
10, 60.0, -0.8011420574961816, 2.315638522005227
10, 61.0, 0.8752753968790936, 2.206581218299723
10, 62.0, -1.5320555530532172, 1.285010138874128
10, 63.0, 1.4005224501554658, 2.0578563076156966
10, 64.0, 2.345440075999848, 1.0787743384612947
10, 65.0, 3.1991797568132343, 1.2023363219379943
10, 66.0, 2.3417764350712895, 0.507505684473556
10, 67.0, 0.13129457597722527, 0.9460702809120966
10, 68.0, 0.4356147537515262, 0.41597960111979804
10, 69.0, 1.3113958011102158, 0.5672622397125255
10, 70.0, 3.4082657446594102, 0.43483919607323107
10, 71.0, 1.1154954170516764, 1.0178035867447632
10, 72.0, 0.4593772754501877, 1.8603293171404571
10, 73.0, 2.478856777852821, 2.018426800399139
10, 74.0, 4.196450880014016, 2.6488964554416996
10, 75.0, 3.552241076438084, 2.7948753516908393
10, 76.0, 3.8353000030760604, 3.3201907516531612
10, 77.0, 1.4554809415352719, 3.4487252425672392
10, 78.0, 4.38196385540652, 3.2212955890110484
10, 79.0, 4.152292135166201, 3.3683565130556516
10, 80.0, 4.0613100541634894, 3.4138517703625193
10, 81.0, 1.9225456918083084, 4.115125365253723
10, 82.0, 6.647939801916967, 4.936745979728731
10, 83.0, 5.083943243380563, 4.082026102305633
10, 84.0, 3.671585548871686, 4.2385529869962975
10, 85.0, 4.531578073116416, 4.684108845705959
10, 86.0, 3.8071500462072425, 4.0451471600342686
10, 87.0, 7.0516484750482595, 4.3874541707988435
10, 88.0, 5.8372166038853965, 5.068602074948187
10, 89.0, 2.3720348134413634, 4.259426625706203
10, 90.0, 4.730733213051098, 3.3114900862969883
10, 91.0, 1.9482587647247758, 3.099334525361618
10, 92.0, 0.8997514929458348, 2.381434227824244
10, 93.0, 2.641028792809666, 2.575896738505612
10, 94.0, 1.0457377882290115, 2.2619345957727948
10, 95.0, 3.595027448879593, 1.7038679311402989
10, 96.0, -0.1848953072438828, 1.7143228370825314
10, 97.0, 0.6567658096388134, 1.5358727460478205
10, 98.0, 1.143181341608829, 1.218077989644983
10, 99.0, -0.4169582019219533, 1.3595510250491778
14, 0.0, 4.305703416178873, 2.4949586493774083
14, 1.0, 4.628192423250557, 2.2040984030197825
14, 2.0, 2.50684548138985, 1.6526313870105376
14, 3.0, 1.6258473307358599, 1.624008865809665
14, 4.0, -2.2827632995565508, 1.1542518946164018
14, 5.0, 3.2286397977341745, 1.2575117030269851
14, 6.0, -0.8957167842000555, 0.48476244086624987
14, 7.0, -1.1411509046407424, 0.4453238613407363
14, 8.0, 2.386253589678329, 0.3843223058289302
14, 9.0, -4.992535001636752, 0.19222876311850262
14, 10.0, 0.1215732206218984, 0.4235113453530043
14, 11.0, 4.47495097311512, 0.834515397659765
14, 12.0, 3.353295069271416, 0.49764851434313284
14, 13.0, -2.9919662221747143, 0.06887693167091408
14, 14.0, -0.8982724977718968, 0.7322760844148917
14, 15.0, 0.44340364781003494, 1.0535807457115394
14, 16.0, 3.8100325939799227, 0.6838316123748001
14, 17.0, -1.0027316473673, 0.8220265248755529
14, 18.0, 0.7620974538646034, 1.0195666336520932
14, 19.0, -1.1316055156020073, 0.9903589585144749
14, 20.0, 1.3090617094036974, 0.24523385727422087
14, 21.0, 0.793839081504787, -0.26423437064378563
14, 22.0, -2.986846466775817, 0.2285321827469255
14, 23.0, -2.188334253905698, -0.23170434066094725
14, 24.0, 1.4250892184231283, -0.10672180996227323
14, 25.0, -2.0029293593872635, -0.8570198066657908
14, 26.0, -2.5189052436608197, -0.3574088620660158
14, 27.0, -2.0712052763098106, -0.375583730108668
14, 28.0, -2.01657255324528, -1.0511632965385143
14, 29.0, 2.19946886994188, -0.8931052505162141
14, 30.0, -6.8755146946139245, -1.4327759620868101
14, 31.0, -2.3771136786891045, -1.2807131361310757
14, 32.0, 2.3639607187079035, -2.284469936951446
14, 33.0, -1.7282572099134905, -2.3517962586749643
14, 34.0, -4.624349896613493, -2.621133512025767
14, 35.0, -2.044426217886749, -2.3374461161422113
14, 36.0, -0.7878064865302203, -3.531511836146742
14, 37.0, -2.318517009140262, -2.728617355413193
14, 38.0, -0.5577931165623276, -2.6027549484357415
14, 39.0, -2.1788832982875337, -2.5744568624513153
14, 40.0, -4.190546669448308, -2.0044214019702356
14, 41.0, -3.5299066433169726, -1.4682869752461187
14, 42.0, -2.286603010249478, -1.5633156477549182
14, 43.0, -3.976931896156711, -1.0044654363471244
14, 44.0, -3.8824113767782804, -0.4944149813022274
14, 45.0, -0.8398332221895197, -0.2713839579086199
14, 46.0, 1.022275271357467, -0.0885208518475806
14, 47.0, -0.19211332006692616, 0.320403174574739
14, 48.0, 0.7136744018875547, 0.487003594392189
14, 49.0, 2.3039023879670832, 0.28799739585214024
14, 50.0, -2.530904490303876, 0.25615538251779796
14, 51.0, -0.24387350439465205, 0.03376522854981895
14, 52.0, -0.8875263130979187, 0.6576678875751469
14, 53.0, 2.35609588967904, 0.7822505306040172
14, 54.0, 1.4555552850145048, 0.06099556075382595
14, 55.0, 1.29207084749939, -0.1336353422816034
14, 56.0, 0.952199549248131, 0.3032456585950618
14, 57.0, -0.5686118066720245, 0.7118531359827458
14, 58.0, 0.27288621059428764, 0.353395626123545
14, 59.0, -1.588874260878272, 0.14665261615653835
14, 60.0, 1.0774565754778318, 0.39829742422250747
14, 61.0, -0.39991050426099534, -0.28674857188344194
14, 62.0, 0.8864257375327951, 0.01631732377145728
14, 63.0, -1.0405912700155175, 0.5817925535325172
14, 64.0, -4.661301486957054, 0.4736839875258049
14, 65.0, 2.2501235329417524, 0.6837574097086452
14, 66.0, 1.3293944823634636, 1.2749906733927303
14, 67.0, 1.64819744180822, 1.1238869360006514
14, 68.0, 1.0368100855586087, 0.7817859988665101
14, 69.0, -1.9220029097358022, 0.16505451997489073
14, 70.0, 1.0533170078560796, 0.3732448554202086
14, 71.0, 3.381017749813732, 0.9045450463230169
14, 72.0, 1.2270176060337281, 0.37822111465682584
14, 73.0, -1.8156585982817854, 1.6274367102723764
14, 74.0, 0.42363083796347945, 1.763018084821252
14, 75.0, -1.245009649614527, 1.9392398931606571
14, 76.0, 2.228251718106269, 1.1407794192990015
14, 77.0, 2.6024984853192894, 0.9535232418840257
14, 78.0, -0.4771848199700066, 1.092305632514926
14, 79.0, 4.026196003466688, 0.48080146703620175
14, 80.0, 2.3848089668923675, 1.42287068876225
14, 81.0, 3.6610824088485243, 1.3989776202567559
14, 82.0, 4.544656480105692, 1.1440381011830083
14, 83.0, 1.340507201489846, 1.3633460374997404
14, 84.0, 1.3695601769097652, 1.6990519210870527
14, 85.0, 3.6598057177911394, 1.6842215162682659
14, 86.0, 1.3376966450266985, 1.4887886954789415
14, 87.0, 0.9100444166302061, 0.7644781635078246
14, 88.0, 1.7424093477635432, 0.9471391458580781
14, 89.0, 2.839018282881972, 0.5255090336526345
14, 90.0, 2.1651234804452324, 0.834911903838119
14, 91.0, 3.5212230468006975, 0.8225457111965884
14, 92.0, -1.5829372507886657, 0.2354739217317391
14, 93.0, 1.5985305520429958, 0.1576279268382858
14, 94.0, 1.2601852238589202, -0.3464523266446214
14, 95.0, -1.483762707915305, -2.0109711265512833
14, 96.0, -0.7929485836205703, -2.1760058759464203
14, 97.0, -4.04231184569874, -2.2610952900149104
14, 98.0, 1.449507443154971, -2.3381745645799
14, 99.0, -0.4209269734098775, -2.1917973046483894
1, 0.0, -3.4120926960145597, -1.0979800317768946
1, 1.0, -3.676484973990401, -1.29495525772573
1, 2.0, -0.9572693469393944, -1.4011874539833133
1, 3.0, 0.18231119959369968, -0.9870166416156569
1, 4.0, 0.9339089204161324, -1.2455521664487157
1, 5.0, -0.6020385913901851, -0.043958112781210756
1, 6.0, -2.998682919152303, -0.521023238339882
1, 7.0, 0.5419591819355619, -0.38604472413329993
1, 8.0, -1.5731700644092843, -0.3679818439680352
1, 9.0, -4.804111073806655, -0.9300307539458246
1, 10.0, -2.029701487968935, -0.8450048475305297
1, 11.0, -2.8600604098096793, -0.9769121767532307
1, 12.0, -5.303372124794604, -1.4150619717290853
1, 13.0, -5.810229986113288, -1.6740264780436507
1, 14.0, 0.41539892835043934, -1.7590394062947055
1, 15.0, -3.8707894906624563, -2.4048282745103364
1, 16.0, -5.7551056361746955, -3.0908022172580836
1, 17.0, -5.157905316338483, -2.888619658738582
1, 18.0, -3.530644682980258, -3.2739871115475836
1, 19.0, -5.141690101734655, -2.817862864079266
1, 20.0, -3.9956279038852696, -3.0066237675539225
1, 21.0, -2.610404150602702, -2.9814013754041526
1, 22.0, -3.309251617670126, -3.1511235163861153
1, 23.0, -1.879637397327056, -2.627075221287831
1, 24.0, -0.5762124556449342, -2.7762607879966703
1, 25.0, -3.3853097603717677, -2.508204733192805
1, 26.0, 0.5587644341872675, -2.682280756739304
1, 27.0, -4.38090640276088, -3.2042860594139135
1, 28.0, -1.0264034329000231, -2.7512052909562335
1, 29.0, -2.3481706797241366, -2.5412614958771864
1, 30.0, -3.3475220808157147, -2.323634986198443
1, 31.0, -3.164848051745012, -1.568803266080666
1, 32.0, -4.047622714054196, -2.411188724726787
1, 33.0, -0.622202584937372, -2.1850990231644447
1, 34.0, -4.0706806854689255, -2.326125669832905
1, 35.0, -2.6917147352734005, -2.085759359942464
1, 36.0, 0.5140953186953681, -2.2474633110750717
1, 37.0, -3.387686001882822, -2.954255121112968
1, 38.0, -2.112367689983969, -2.7110538691051342
1, 39.0, -0.7150057130711542, -2.809358405857675
1, 40.0, -1.9556950925701144, -2.4783618812638606
1, 41.0, -1.8682385938869754, -2.1260751996197107
1, 42.0, -2.9441554448340064, -1.2047146458260736
1, 43.0, -2.074566037045819, -1.597751318222448
1, 44.0, -1.7885525282206838, -1.8067185587883106
1, 45.0, -1.7350053485347565, -3.128577921010279
1, 46.0, -4.075835525681962, -3.4697864872632085
1, 47.0, -4.453422036209261, -2.4984159460566695
1, 48.0, -1.7946445234783681, -2.6337156183221024
1, 49.0, -5.247318490153922, -2.8838932514238897
1, 50.0, -2.73905292574014, -2.7531664757856342
1, 51.0, -0.058701598564363966, -2.70871670030803
1, 52.0, -0.8951590558009905, -2.6474908016369536
1, 53.0, -0.6275353905143308, -2.5179842900313933
1, 54.0, -3.609615092676096, -3.0923977141677703
1, 55.0, -2.9062871730481463, -3.3841442363640186
1, 56.0, -2.4347009717718757, -3.606353280804176
1, 57.0, -5.464293134174639, -3.649568193451527
1, 58.0, -2.5251526055995654, -4.058100613253207
1, 59.0, -6.144813734311279, -3.580053948621722
1, 60.0, -2.316268347417412, -3.570509951863493
1, 61.0, -3.38390502015317, -3.776433006861639
1, 62.0, -2.9145507792342515, -3.6773877701646103
1, 63.0, -6.344093914929429, -3.55677341360663
1, 64.0, -3.2145864860419278, -3.7270467641262033
1, 65.0, -7.52600139910386, -3.9889091436622657
1, 66.0, -6.224243825941848, -3.402411435334436
1, 67.0, -2.1183138354255937, -4.074746507505157
1, 68.0, -7.007285031995515, -4.512995077461307
1, 69.0, -3.6380325355905034, -5.204429108948811
1, 70.0, -6.060841039404416, -4.715682841203245
1, 71.0, -2.9215754169993726, -4.810335243947451
1, 72.0, -5.883330484477485, -4.474493630743517
1, 73.0, -4.635633596471748, -4.516291537262709
1, 74.0, -3.7049483879232357, -4.785122280872935
1, 75.0, -5.956356525795177, -4.8545464157963725
1, 76.0, -5.830295588605447, -5.681436322066056
1, 77.0, -4.708936740374724, -5.692574789398956
1, 78.0, -4.638167393718877, -5.34148666701554
1, 79.0, -3.239828223268928, -5.080277739683772
1, 80.0, -8.247861432730398, -5.013770225506275
1, 81.0, -3.9927631604003406, -4.84148452552584
1, 82.0, -2.983817323437117, -3.94203179727677
1, 83.0, -3.4908902808742104, -3.5008881435753785
1, 84.0, -4.9001858425335865, -4.403360988840348
1, 85.0, -5.708715135098099, -3.9044372363361983
1, 86.0, -4.301414014900259, -3.3268616051463367
1, 87.0, -0.7035976307295364, -3.332834123166105
1, 88.0, -5.631780836988293, -3.22809628024529
1, 89.0, -1.711748789356755, -3.450370416078541
1, 90.0, -4.580447099562377, -4.064170073852442
1, 91.0, -3.4843793708647692, -3.567763001083332
1, 92.0, -3.655093580929746, -4.005148947089592
1, 93.0, -2.7141407486328206, -4.009038847301668
1, 94.0, -3.506995504614865, -3.432993143413813
1, 95.0, -4.462050318384218, -3.778018965953946
1, 96.0, -7.412746647753896, -4.313139901625711
1, 97.0, -4.177431128218634, -5.2021594701425125
1, 98.0, -3.9587526350253794, -5.749127345034861
1, 99.0, -6.324907188924761, -6.2582203317645
6, 0.0, -4.0284609567578205, -0.2709124580123514
6, 1.0, -1.819405218713176, -0.2995810153247522
6, 2.0, 0.5145687735759363, -0.7872317450897117
6, 3.0, -2.303597100043035, -1.6713534239837322
6, 4.0, -2.0292281759682136, -0.7039419737649397
6, 5.0, -0.8107797337041024, -0.7927036239498689
6, 6.0, -2.7095625224907707, -0.8573280539470775
6, 7.0, -0.7448209712778823, -0.5568088647586629
6, 8.0, -3.4230611593111213, -0.9419794205099916
6, 9.0, -3.0360002697602244, -0.3031047322851975
6, 10.0, -2.793072203940572, -0.6243051766933583
6, 11.0, -1.2012144871484816, -0.2542452056832925
6, 12.0, 0.08931384426163025, -0.7773631370681957
6, 13.0, -1.4741560764521189, -1.4156139014983182
6, 14.0, 3.042950143782906, -0.5584214271713545
6, 15.0, -5.429539732966971, -1.1186714586586128
6, 16.0, -1.584598576299788, -1.543839481798123
6, 17.0, -2.5492707854874697, -1.269472632649574
6, 18.0, 1.2837460458405554, -1.0552719029787705
6, 19.0, -1.9793149604772124, -1.4777513493800776
6, 20.0, -1.6244078973135174, -1.8083120090518745
6, 21.0, -2.8896498045686343, -1.3844142233947898
6, 22.0, 0.07054474991869975, -1.6169415954828597
6, 23.0, 0.03866762640675936, -1.6437430826149952
6, 24.0, -0.47956450939323436, -1.5814705256069044
6, 25.0, -3.925717310704158, -1.9459965155722665
6, 26.0, -1.7464456668089277, -1.9486270536486594
6, 27.0, -1.8335241797349298, -1.927972919641327
6, 28.0, 0.6064311376399911, -2.1307923599160983
6, 29.0, -6.326326624842401, -1.538820476729066
6, 30.0, 0.7459847499654209, -2.0084779288602537
6, 31.0, -3.4100025016080044, -2.053353562143703
6, 32.0, -3.180290398418152, -1.6298080447945298
6, 33.0, 0.4514374339923488, -1.3603275956795668
6, 34.0, -5.3371275778388405, -0.3891624051170043
6, 35.0, -1.1616388709326162, 0.17764670196191856
6, 36.0, 0.9035477371174123, -0.20562963583113275
6, 37.0, -1.7836397735196805, -1.0436135379890825
6, 38.0, -0.10948646460035838, -1.325232087855833
6, 39.0, -3.1552533397679268, -0.9695555510364093
6, 40.0, 0.667539661672316, -0.11795376971589666
6, 41.0, 0.49719266342347396, -0.3998652817346859
6, 42.0, -1.373685723667117, -1.618348136166364
6, 43.0, -2.840195188870367, -1.445489647944675
6, 44.0, 0.13774533921536358, -1.6425425271153022
6, 45.0, -3.894688013610675, -0.9133583879600496
6, 46.0, -1.6879935808163569, -0.9506583576942755
6, 47.0, -1.6214693188284806, -1.1141872778930064
6, 48.0, -0.42537749337664016, -0.9216111492358866
6, 49.0, 0.9691957942366646, -0.8529936960490047
6, 50.0, 2.1796654421702297, -0.0740438178868893
6, 51.0, 0.8465935147203926, -0.0026637045103491547
6, 52.0, 1.7836424875326988, 0.21022599320878532
6, 53.0, 1.799415563856104, 0.530711306393489
6, 54.0, -0.3518043282307809, 0.6524045505830122
6, 55.0, 2.017598029163614, -0.28519592267855054
6, 56.0, 2.5419306762464036, 0.44763907352584464
6, 57.0, 4.302075096714333, 0.7401679459178262
6, 58.0, -1.381135533522705, 0.9065192424888495
6, 59.0, 1.3262022895201784, 0.9233081704867043
6, 60.0, -1.6419190915386268, 0.8549340867560005
6, 61.0, 1.2955186698247547, 1.1647904559540154
6, 62.0, 0.6186860110933159, 0.8990449342933042
6, 63.0, 1.7603291806802221, 1.4839114102529112
6, 64.0, 3.3947461130125647, 1.7364473922502017
6, 65.0, 2.193829909666201, 1.8218270052425467
6, 66.0, 1.149808528377462, 1.55053276572675
6, 67.0, -0.22898283302337874, 1.6505589173296529
6, 68.0, 5.09646123297676, 1.741056884368135
6, 69.0, 1.5930336759450077, 1.946236325297306
6, 70.0, 2.8851258176222556, 2.6121659788969698
6, 71.0, 3.148843786696344, 2.7762958000161904
6, 72.0, -0.8151329978095982, 2.9797687501079513
6, 73.0, 2.7066530540920573, 2.383115026391741
6, 74.0, 2.8964798513999006, 3.252553329949768
6, 75.0, 3.7373921762622713, 2.394576004585458
6, 76.0, 0.35421203618625086, 2.861527215020546
6, 77.0, 2.146757562876833, 2.6043726324731225
6, 78.0, 1.422356511281153, 2.649773575830931
6, 79.0, -0.08508677973726786, 1.7478884765999623
6, 80.0, 2.323772148845534, 2.179172690116056
6, 81.0, 3.187451221917746, 2.8864403924320667
6, 82.0, 1.5385300225306895, 1.8043271494082074
6, 83.0, 4.899364214359881, 1.8696701402494036
6, 84.0, 2.428526466802035, 2.160631012356472
6, 85.0, 0.6938638144195657, 1.788085721456602
6, 86.0, 1.8740165431768876, 1.3800269269570813
6, 87.0, -2.2887631625935554, 0.9368634076106672
6, 88.0, 0.6965253049186438, 0.10963441135318919
6, 89.0, 0.5199863927845738, -0.03559375140758944
6, 90.0, -1.2153331945868902, -0.04735440697439241
6, 91.0, 2.0907085940893775, 0.5969733509558203
6, 92.0, -0.3595956403342113, 0.7465328154906166
6, 93.0, -2.676793784614257, 0.6850003332184322
6, 94.0, 1.5734860198354863, 1.3606290248468027
6, 95.0, 2.8286694105940557, 0.7612581628786547
6, 96.0, 1.1058881508508924, 0.6758152743722714
6, 97.0, -0.5064922898808638, 0.25756551320242904
6, 98.0, 1.2870703215893398, 0.3007363090640376
6, 99.0, -0.3955753836935738, 1.5406519510532048
9, 0.0, 3.9342874311275526, 3.5319132625433385
9, 1.0, 7.553150037955331, 4.178701787938466
9, 2.0, 3.875673015617031, 3.5464631176611863
9, 3.0, 4.156452084544853, 3.1985624441927856
9, 4.0, 5.6373265360061975, 4.897350481090758
9, 5.0, 5.443952204477756, 4.918191683248423
9, 6.0, 5.977313974061113, 5.522114714801185
9, 7.0, 5.183093122947147, 4.813871491679194
9, 8.0, 7.181357936517678, 5.695183036503933
9, 9.0, 9.545859035052516, 5.945084665677036
9, 10.0, 6.8202743312042005, 5.877267999817828
9, 11.0, 5.4914738859295795, 5.247883626754114
9, 12.0, 7.371655330209494, 5.9965616834023034
9, 13.0, 4.637474418889882, 5.533413184440456
9, 14.0, 7.026957333012951, 5.210664437633711
9, 15.0, 8.378928181579932, 5.858363191420799
9, 16.0, 3.8786252417070326, 5.7152334321809635
9, 17.0, 4.48241196489162, 5.651222115092215
9, 18.0, 5.232755982628611, 5.257242565482821
9, 19.0, 5.1189426480171685, 4.9741527416516025
9, 20.0, 7.928313144620658, 5.656256727041507
9, 21.0, 5.486516911201228, 5.6855312010962695
9, 22.0, 5.377377880046404, 5.307535072192929
9, 23.0, 6.48044717002824, 6.341696668081872
9, 24.0, 6.669499920446158, 7.370010559278847
9, 25.0, 5.688657958403102, 6.876582619329499
9, 26.0, 4.112315594512838, 7.329290808538207
9, 27.0, 10.8811480937579, 7.343047324557394
9, 28.0, 7.830033523691362, 7.5245836264689485
9, 29.0, 10.90334300543435, 8.982838028543517
9, 30.0, 8.810885257127321, 9.440330868162494
9, 31.0, 7.913477274952152, 8.94566190279239
9, 32.0, 6.261388031055609, 9.164440645079472
9, 33.0, 10.68930914029183, 8.923845853838491
9, 34.0, 7.609074818116241, 8.84184274448513
9, 35.0, 5.478457800249942, 8.399789098974567
9, 36.0, 7.800163842361867, 7.841325461586856
9, 37.0, 4.072264555819891, 7.827195127651207
9, 38.0, 7.878253724134125, 7.420862194710366
9, 39.0, 5.70624565703206, 6.85309193609104
9, 40.0, 3.958934559878076, 6.632287726156413
9, 41.0, 5.811237242340254, 6.20566400815974
9, 42.0, 5.806747419783697, 5.800977056059674
9, 43.0, 4.507570652866347, 5.812528682479277
9, 44.0, 7.570573290930388, 5.662785159220922
9, 45.0, 7.800219885353055, 5.4357135645596
9, 46.0, 3.679914703994932, 4.508906856259797
9, 47.0, 5.387042039155495, 5.322533088857459
9, 48.0, 4.606940741134543, 5.841345061231419
9, 49.0, 5.22587998980852, 5.447173342470358
9, 50.0, 6.331856956347311, 5.595364532376535
9, 51.0, 6.041803333719189, 4.429017049736198
9, 52.0, 6.8418092592714626, 4.574999116271925
9, 53.0, 3.7473586767415172, 4.6412743339465505
9, 54.0, 4.402007704811514, 4.718061898556115
9, 55.0, 1.6678875538088302, 4.292771602372732
9, 56.0, 5.483242302253065, 4.845868086278684
9, 57.0, 4.6973585203451185, 5.410516965220432
9, 58.0, 2.391204911294803, 4.811179651650563
9, 59.0, 4.457933418340872, 3.8112397409653442
9, 60.0, 0.21892253259699945, 3.9322400979512917
9, 61.0, 6.772254149239575, 5.148339014316481
9, 62.0, 4.339579379154009, 4.517823019233284
9, 63.0, 5.1298984731787085, 5.1809522757948665
9, 64.0, 3.3571282307886974, 4.93834771252409
9, 65.0, 3.6308128186567403, 5.079811508872484
9, 66.0, 4.9133883224074975, 4.727882389277661
9, 67.0, 10.878222046898944, 5.236943717937298
9, 68.0, 6.559463650590076, 5.461220990704189
9, 69.0, 5.811782222640154, 5.328612169177217
9, 70.0, 3.663443672072491, 5.434225474339262
9, 71.0, 7.6764186066334155, 5.205489895887859
9, 72.0, 2.804776954187271, 5.355972633657412
9, 73.0, 5.538034687824, 5.097821650112562
9, 74.0, 5.451107798342467, 5.026675495450989
9, 75.0, 7.0133282419090754, 5.451654249610991
9, 76.0, 6.09871270862415, 5.835957596824314
9, 77.0, 2.648635116953523, 5.516045146543807
9, 78.0, 5.938859890341738, 5.681575491181281
9, 79.0, 6.457265139377257, 6.085017569333187
9, 80.0, 8.30263960688689, 5.740226472335899
9, 81.0, 2.1628117274580383, 4.508597358653832
9, 82.0, 3.3891238202944676, 4.6407169132057104
9, 83.0, 6.581377504770413, 4.672742014876032
9, 84.0, 7.18414070405103, 4.7181621088135755
9, 85.0, 5.030669241288784, 4.634227273392845
9, 86.0, 5.76059676453764, 4.728171156133647
9, 87.0, 5.117702580581912, 4.079486735175078
9, 88.0, 6.235249530221718, 4.546632551747197
9, 89.0, 7.111446097561824, 4.54751914344514
9, 90.0, 3.285443778501519, 4.174433344336436
9, 91.0, 4.2846684244727555, 4.4307892528665445
9, 92.0, 2.195148075804729, 4.618580397734933
9, 93.0, 2.2527139697372007, 4.7884216129073085
9, 94.0, 2.4023509318345164, 4.354383341557395
9, 95.0, 4.2277035589854, 4.820698755184253
9, 96.0, 4.616887549982231, 4.38573833912303
9, 97.0, 1.3590401801358891, 5.0926455559599875
9, 98.0, 2.9349817908290796, 4.4039786850720235
9, 99.0, 3.895668806012775, 3.9516002053715864
13, 0.0, -3.916980655535243, -1.5245535655629205
13, 1.0, -3.99411408070745, -2.453905059233812
13, 2.0, -5.064305386412494, -2.0293997378747317
13, 3.0, -3.0570012954310473, -2.733882283773572
13, 4.0, -4.191516786226292, -2.909858551490097
13, 5.0, -1.396430102035732, -2.19226739873
13, 6.0, -3.091533616359106, -2.4937092615824255
13, 7.0, -4.0781254166176755, -3.1966693079179986
13, 8.0, -5.285186874181729, -3.6355313058904035
13, 9.0, -5.291505177888927, -3.7411584106816127
13, 10.0, -2.2199223652399054, -3.386739948097742
13, 11.0, -4.550749960504474, -4.213461522575114
13, 12.0, -3.0915483127487478, -4.462544248167481
13, 13.0, -5.365132141612202, -5.292712603487243
13, 14.0, -7.110047744002787, -5.712763393443589
13, 15.0, -9.738237778605518, -6.1335896027201855
13, 16.0, -5.7415734032065044, -6.141059018807699
13, 17.0, -9.906757425349067, -6.742007521082987
13, 18.0, -7.741702123173664, -6.9327758600043765
13, 19.0, -5.425367585245038, -6.688950526165571
13, 20.0, -5.518415513044676, -6.732113468931313
13, 21.0, -7.883452141341341, -7.056031605399644
13, 22.0, -6.120226000061281, -7.253683822137932
13, 23.0, -2.9479065899289765, -7.430761872837323
13, 24.0, -5.102407662358894, -7.2850350111031625
13, 25.0, -4.595046209064591, -7.285746191459248
13, 26.0, -4.80420958419997, -6.505796827077334
13, 27.0, -7.399800384333547, -6.110087948124843
13, 28.0, -5.852171412445999, -6.116058636502807
13, 29.0, -5.2091146065366685, -5.608590673840922
13, 30.0, -6.27516219272256, -5.124798531170911
13, 31.0, -4.295849017525067, -4.393753840422206
13, 32.0, -1.829133940169661, -4.244436905988012
13, 33.0, -3.1998518993002087, -3.6651992729761798
13, 34.0, -2.1710772167889205, -2.9671295295386217
13, 35.0, -5.459641988364787, -3.608283936191993
13, 36.0, -3.9087626946292024, -3.556763066839907
13, 37.0, -2.427133550206956, -3.319030060954984
13, 38.0, -3.29236546848151, -4.004340601994301
13, 39.0, -2.5556846247676326, -3.2771102760596733
13, 40.0, -3.1701250495364017, -3.3329682026352
13, 41.0, -2.249479277499643, -3.263526674440995
13, 42.0, -2.2914729031301366, -3.0192280756847047
13, 43.0, -0.9760832673124773, -2.807038912952523
13, 44.0, -3.3008468865934324, -2.249109988867729
13, 45.0, -1.0209623792074498, -2.0152281666520335
13, 46.0, -2.3197592096951216, -2.075928938991572
13, 47.0, -1.3407153518492516, -1.3139012264420957
13, 48.0, -2.1377230893590244, -1.7440601100666433
13, 49.0, -1.7612951033420698, -1.6295208851810647
13, 50.0, -2.496009583729673, -1.9598412366405256
13, 51.0, -1.8503384129782814, -2.0983920857674216
13, 52.0, -3.3294299729928882, -2.173954442454184
13, 53.0, -0.8700772238361933, -2.43211790359415
13, 54.0, -2.127290645608346, -1.1863625231331318
13, 55.0, -0.3698794337562906, -0.612588747958488
13, 56.0, -1.4118560802702271, -0.8394906783549764
13, 57.0, -1.663813459883972, -1.6501450009346832
13, 58.0, -1.3893879020346658, -1.7715923458977694
13, 59.0, -3.1780569832406504, -1.5965621827859555
13, 60.0, -1.4839723008186385, -0.8887368366950334
13, 61.0, -1.3061633904898546, -0.29707937791566486
13, 62.0, 1.6377531617352483, -0.8530223859660478
13, 63.0, -1.9247014339606463, -0.6838356560620592
13, 64.0, 1.5066203564476155, -0.3453074048468117
13, 65.0, 0.1847092644230713, -0.10076603131289916
13, 66.0, -2.049558336528367, -0.7595120112087987
13, 67.0, -2.3478459591960625, -0.8526684693243611
13, 68.0, -1.1034119505554725, -0.6844860707471327
13, 69.0, -1.1714387070950643, -0.5299706306410253
13, 70.0, 1.3098921747469126, -0.8162099425346012
13, 71.0, 3.1585723279140523, -0.43188267572823197
13, 72.0, -1.0282383745855357, -0.46757400902480023
13, 73.0, -0.02600226425537952, -0.2069962287379512
13, 74.0, 2.2333854863007927, -0.59017475787281
13, 75.0, -5.394585304902012, -1.0218587188508566
13, 76.0, -1.2074218975924949, -1.028424448663361
13, 77.0, -3.171491937161233, -0.5638053134714816
13, 78.0, 1.1785659556495922, -0.8279706701014223
13, 79.0, -1.9628281379626602, -1.2975089214148876
13, 80.0, -2.25077251174931, -1.1649362258184754
13, 81.0, -0.6728323437414627, -1.1946100868408067
13, 82.0, -4.28466535967675, -1.0101852233053739
13, 83.0, -3.468810724493244, -1.2118259145977812
13, 84.0, -3.5957908529726144, -1.8371721226525233
13, 85.0, -1.6862154232094595, -2.5291663657562196
13, 86.0, -3.871538402360103, -2.294069387041515
13, 87.0, 1.684259966448728, -2.4499992715967345
13, 88.0, -2.791450744851037, -2.647100601303289
13, 89.0, -2.1670085849501644, -2.7313223227079213
13, 90.0, -3.9149195292211094, -2.4808377705366786
13, 91.0, -3.073381565180509, -2.735915033198522
13, 92.0, -2.6873078996092117, -2.780899146882897
13, 93.0, -1.3252788439557053, -2.8294401612090647
13, 94.0, -0.06818950231959864, -3.258679216587206
13, 95.0, -3.713115949467488, -4.226015634479344
13, 96.0, -4.476519278220771, -4.13947726948675
13, 97.0, -3.4986909155250974, -4.121091219703761
13, 98.0, -5.407773468020055, -4.044572683176677
13, 99.0, -5.784720288664139, -3.8991593405575475
2, 0.0, -0.4791994881731403, -1.8502255910592902
2, 1.0, -2.41705095154019, -1.8355242802273428
2, 2.0, -4.197502894524201, -1.7403295616545063
2, 3.0, -4.182719312979353, -1.8181628518870767
2, 4.0, -0.4694280929773076, -1.7463885478066532
2, 5.0, -2.854277251678325, -2.0354428742231723
2, 6.0, -3.08362115013888, -1.9998040600109621
2, 7.0, -1.095745863243147, -1.3514328441243475
2, 8.0, -3.7087394884686455, -1.2872413176286648
2, 9.0, 1.1694228383663587, -1.0791583274395828
2, 10.0, 1.5267481661258822, -0.6724042089144289
2, 11.0, -3.4779965806212867, -1.056890742628788
2, 12.0, -4.933019573682952, -2.185410329916621
2, 13.0, -1.2169820117763699, -2.136359603433164
2, 14.0, -3.2389855738071502, -2.601621795783569
2, 15.0, -5.810978789084556, -2.999512459433461
2, 16.0, -2.294863135024948, -3.1499368817602167
2, 17.0, -3.1017900891554535, -3.131992264046805
2, 18.0, -4.586976013480877, -3.640253998160564
2, 19.0, -2.9828123162119256, -3.626871053009525
2, 20.0, -3.9413935480863618, -2.7416812551740843
2, 21.0, 1.039410557791892, -2.6055984728583974
2, 22.0, 0.07773588863135483, -2.800461660934678
2, 23.0, -2.394501671714195, -1.566503087565638
2, 24.0, -1.868214803133467, -1.293845302030176
2, 25.0, -3.968177571100783, -1.7213752829201368
2, 26.0, -0.7568711820616436, -2.6046599224038385
2, 27.0, 1.669698564673626, -2.277502186551193
2, 28.0, -3.2712865035806455, -2.3957113524875853
2, 29.0, -2.761147087137486, -1.5725716849296245
2, 30.0, -1.78797988651104, -1.5360466819877914
2, 31.0, -0.39529877702465055, -0.40829994406462244
2, 32.0, -0.14042232773413893, 0.25305723004481284
2, 33.0, -3.426406570993404, -0.09659057818043426
2, 34.0, -3.772029290590075, -0.746848236205084
2, 35.0, -2.231876265069761, -0.6991504716829999
2, 36.0, -0.4455376265175766, -0.14855682852392704
2, 37.0, -1.6654572569066746, -0.7888135670032106
2, 38.0, -0.22079164499589435, -0.0513792303952495
2, 39.0, 0.6154410093771301, -5.425405102491634E-4
2, 40.0, -0.09645090575335818, 0.46422271369516527
2, 41.0, -0.19586045728161255, 0.4642171265342497
2, 42.0, 0.9063527342976807, -0.054205082370415825
2, 43.0, 0.051453923095557165, -0.01753936730868535
2, 44.0, 1.0780452276749082, 0.2011828522249818
2, 45.0, -0.26237849770134364, -0.20867175803969448
2, 46.0, -3.0685261039890053, -0.3913285077637969
2, 47.0, 1.1930979755794096, -0.1026833115332787
2, 48.0, -0.20412902042395303, -0.00541929930286493
2, 49.0, -2.710786125880227, -0.8008012745443477
2, 50.0, 2.006876895568994, 0.4360083604722641
2, 51.0, 0.4814850300530822, 1.3613644206509368
2, 52.0, 2.2789274855210175, 0.7155906327639564
2, 53.0, 1.2365290509671347, 1.1680470699532302
2, 54.0, -0.33635375508347387, 1.3714651114258967
2, 55.0, 1.3520895272165383, 1.7007360552923119
2, 56.0, -0.8871173882217189, 1.06171608019482
2, 57.0, -1.3080928422809062, 0.6806010710506802
2, 58.0, 2.3136862100711797, -0.04844950269582815
2, 59.0, -4.069014629760602, -0.14324550565776129
2, 60.0, -0.6791518846868234, -0.5491862940749785
2, 61.0, 0.14448374527671642, -0.20964940596710518
2, 62.0, 1.7840865247370972, -0.6667506368538603
2, 63.0, 0.32190349915032584, -0.20966162084535994
2, 64.0, -2.382463808050555, -1.051021932132375
2, 65.0, -0.5878324614230257, -1.8165728422304999
2, 66.0, -4.1038478012646795, -1.7896037053621097
2, 67.0, -0.04246246331551218, -1.5237459599721963
2, 68.0, -3.8766601605674555, -0.8366312999268062
2, 69.0, 0.6347331491757379, -0.6112644911003678
2, 70.0, -3.7462339698557954, -1.6117443839805667
2, 71.0, 1.426186628604629, -1.1882327479948123
2, 72.0, 0.2929584364967033, -0.8702383693868125
2, 73.0, 0.8088918231514349, -0.28214201622342194
2, 74.0, -2.5111685216456943, 0.6563163447242649
2, 75.0, -0.7006345795826658, 1.1593961959802916
2, 76.0, -2.3442933267372634, 0.901904398468243
2, 77.0, 0.6387991789856569, 1.2132593852315345
2, 78.0, 2.4057412848376107, 1.6549531836125277
2, 79.0, 0.28350541208402813, 1.0428874489762676
2, 80.0, -3.754331187779779, -0.06352363505688552
2, 81.0, 2.351647058544796, 0.5482323828436496
2, 82.0, 0.014879424506741734, 0.18519950938541713
2, 83.0, -0.34745599495546853, 0.7880217845273272
2, 84.0, -1.2214174138010576, 0.8726882802844074
2, 85.0, 0.04613445792415605, 1.398607327159554
2, 86.0, 5.462656742425612, 1.36190868833672
2, 87.0, -0.050812448141314914, 0.9267046300311588
2, 88.0, 0.41218668694207217, 0.9674972226052674
2, 89.0, -1.5151026611699088, 0.5237946109348797
2, 90.0, 2.7790466151786894, -0.032203812889587846
2, 91.0, 2.094652817368471, -0.3309471121664886
2, 92.0, 0.8306326945421665, -0.48023607266598
2, 93.0, -1.3483949682774408, 0.054639306412057276
2, 94.0, -0.6500781765550836, 0.39898846847274494
2, 95.0, 0.8325818614703631, 0.17792613171357333
2, 96.0, 0.5802042507084229, 0.20704280363991678
2, 97.0, -0.5092842693339641, -0.044148436660611856
2, 98.0, 1.179356418640048, 0.24605800848954457
2, 99.0, 0.12250015182529525, 0.36014849446625463
12, 0.0, 1.355075136212831, -0.23039901219953285
12, 1.0, -0.4181845699897167, -0.3041022956372833
12, 2.0, 1.3020056109655482, -0.09570603062341632
12, 3.0, -1.7354560184740677, -0.9030450323620963
12, 4.0, -2.6523088002354447, -1.0151342039752438
12, 5.0, -1.742353417476544, -0.4758690871732386
12, 6.0, 2.640251438579322, 0.334502785834058
12, 7.0, -1.4233151675606739, 0.9946435752178512
12, 8.0, 0.20171109651585972, 0.9888489603142747
12, 9.0, 0.02724508224101399, 0.27150775325003407
12, 10.0, 2.2591435576861483, -0.061152413836711494
12, 11.0, 3.0217571398060366, 0.4638449100760554
12, 12.0, 4.827327101435966, 0.36199213883358494
12, 13.0, 0.5698430202198402, 1.2677155819987984
12, 14.0, -3.1882984018277782, 0.5309292567396838
12, 15.0, 2.2841603932649175, 1.4043738279657674
12, 16.0, 0.499203033276425, 1.0746046523840391
12, 17.0, 0.9701743043280122, 2.0499269749855857
12, 18.0, 1.7600634465431484, 1.7851081021666424
12, 19.0, 4.046406132321048, 1.2871240934677037
12, 20.0, 1.6166849796523521, 1.4711180703187767
12, 21.0, 1.6501123215662474, 2.5202779366437955
12, 22.0, 2.195705586561066, 1.8663183112505433
12, 23.0, 1.9747746500671846, 1.3517511296623752
12, 24.0, -0.7241498944567162, 1.5698730133402845
12, 25.0, 1.4597181366989693, 1.5299837103177236
12, 26.0, 4.072737968582697, 2.1488233027848382
12, 27.0, 2.0540200067876944, 2.3152424143729182
12, 28.0, 3.519344501758956, 2.3212439738603377
12, 29.0, 3.585018111952272, 3.117337570971189
12, 30.0, 0.4521210417896384, 2.7395143395418686
12, 31.0, -0.1932300431156655, 2.4407146019220503
12, 32.0, 4.4730461834341755, 2.1166285574546198
12, 33.0, -0.683753979599754, 1.7520239447183599
12, 34.0, 0.3133368313017848, 2.3353229730912566
12, 35.0, -0.3472071022294787, 2.639338713910262
12, 36.0, 0.07419980261631576, 2.042481911769043
12, 37.0, 3.2085878748859047, 2.3591458759419215
12, 38.0, 2.186735626094826, 2.9984467894820535
12, 39.0, 0.4722759785105841, 2.422178370976499
12, 40.0, 3.6061919770518402, 2.121262877525292
12, 41.0, 1.3629236432994163, 1.9263176732992826
12, 42.0, 1.9889192965476816, 1.5415973205313283
12, 43.0, 1.7916266050644198, 2.065983920101957
12, 44.0, -1.6364965273211052, 1.9723049391255105
12, 45.0, 4.6831677761050345, 3.1071211120828925
12, 46.0, 2.063562638405365, 3.4474456582548263
12, 47.0, 3.983990425645162, 2.6898133096400527
12, 48.0, 0.622323371887973, 3.013951720158569
12, 49.0, 0.7974189082997878, 3.1046044429153086
12, 50.0, 5.816691964527086, 3.700609573899931
12, 51.0, 6.42085118039771, 2.845386309008788
12, 52.0, 2.3732518873186836, 2.6947722039119637
12, 53.0, 4.925060560154608, 3.8169752925342877
12, 54.0, 4.286784116389658, 3.7696338307452177
12, 55.0, 5.454514928502187, 4.341195854550681
12, 56.0, 3.0215525511899273, 4.775901688327835
12, 57.0, 7.163357712270644, 4.798474154848793
12, 58.0, 6.201765774817435, 4.693668499330375
12, 59.0, 4.446433159365484, 4.896125177518752
12, 60.0, 3.8986064555612825, 4.84008033758655
12, 61.0, 8.335605637704212, 4.750355766476172
12, 62.0, 7.4547055069622665, 4.629938235266239
12, 63.0, 5.443263809102925, 4.562672890670545
12, 64.0, 5.73994602507496, 4.09287401982966
12, 65.0, 4.552899813900225, 4.268097085398584
12, 66.0, 7.555555608703521, 4.178458123848624
12, 67.0, 4.2750447396488, 4.239645919940833
12, 68.0, 4.50201233459773, 4.186996009241645
12, 69.0, 0.47199382614349616, 3.972621083573503
12, 70.0, 2.711143684482591, 3.7287718527796323
12, 71.0, 1.5709580157610659, 3.9183881673007064
12, 72.0, 5.309307181123191, 4.381031080923975
12, 73.0, 2.3225289874485986, 4.367644687517119
12, 74.0, 4.566449042717599, 3.924767250889368
12, 75.0, 3.3790111103461, 4.239136326110723
12, 76.0, 2.9690851976357813, 4.224858764952249
12, 77.0, 4.257985233558259, 4.417459799321458
12, 78.0, 4.9389075638983115, 3.8978887691356627
12, 79.0, 3.59386160564593, 3.292672811082786
12, 80.0, 4.576307508412511, 4.3903805678251215
12, 81.0, 3.8688702381254965, 4.299357759207983
12, 82.0, 5.99326383443407, 4.75083325838182
12, 83.0, 3.256498576103498, 4.6087759299032065
12, 84.0, 7.362092933390194, 5.3500081158081665
12, 85.0, 5.021947709093293, 4.259277391494692
12, 86.0, 4.9286210902097265, 4.4951643414839255
12, 87.0, 1.970263755856374, 5.044009597327094
12, 88.0, 5.981100977867966, 4.751005709818891
12, 89.0, 1.967517209145703, 4.372250589845682
12, 90.0, 3.723324838495995, 4.427256725410711
12, 91.0, 4.331119088335521, 4.630828430665675
12, 92.0, 8.31865319991196, 4.5623072349749405
12, 93.0, 4.473306763921823, 4.210973946035605
12, 94.0, 5.713032656295448, 4.17199612835275
12, 95.0, 7.198052250061041, 4.887693370936371
12, 96.0, 4.312484528088191, 4.24346673050967
12, 97.0, 3.9707345280133146, 3.0637637793702037
12, 98.0, 4.961311131012714, 2.921416278828996
12, 99.0, 3.1212150574905033, 2.0182854634719223
7, 0.0, -6.4455431292734815, -2.5816988387579927
7, 1.0, -2.1081017397154236, -2.896021994332029
7, 2.0, -5.30656971769824, -3.8473582484129984
7, 3.0, -3.2093698149915477, -3.315049384422993
7, 4.0, -2.9047296127859332, -2.960717797899951
7, 5.0, -7.770384271627341, -3.135863475337619
7, 6.0, -3.5917130111989497, -2.5345799206793003
7, 7.0, 1.8489098362926764, -1.8330081394069326
7, 8.0, -1.1963786297854426, -2.5425472238856774
7, 9.0, -2.1880597175864445, -2.7820758712404867
7, 10.0, -0.012593083701845309, -3.1779519690148743
7, 11.0, -5.427094783721041, -3.6481321947056222
7, 12.0, -0.6692547548820595, -2.713403692461719
7, 13.0, -3.4156897206886274, -2.9549824292774423
7, 14.0, -5.5538065743886165, -3.4250851432925984
7, 15.0, -2.7896324160794355, -3.0879698948452035
7, 16.0, -6.047969577877691, -3.4924450532620623
7, 17.0, -7.236740494808984, -3.4196403425439956
7, 18.0, -3.9655489171036393, -3.567027667295574
7, 19.0, -2.143955008788697, -3.976867889089566
7, 20.0, -1.4572751771388854, -3.7420805502895664
7, 21.0, -4.152960236946126, -4.4828490429342995
7, 22.0, -3.788400151493294, -4.740074048004279
7, 23.0, -4.394902710361399, -4.5416365745775
7, 24.0, -2.8933634938494226, -4.5554777562977895
7, 25.0, -3.4197755546906725, -4.555841068282464
7, 26.0, -3.3729903728185775, -5.172547506930371
7, 27.0, -5.098802093042533, -5.1383800962104
7, 28.0, -3.8365245128552785, -3.738657126656573
7, 29.0, -2.6811690990781405, -3.788790587439197
7, 30.0, -0.8132219908726674, -3.7832839781027774
7, 31.0, -0.6121347818866805, -3.4741255832870546
7, 32.0, -0.7556602654783924, -3.460884435947171
7, 33.0, -4.107796445714466, -3.517325151606697
7, 34.0, -4.090282720352267, -2.920002672944168
7, 35.0, -3.1749726916555656, -3.2729168100620307
7, 36.0, -2.210586487283708, -4.1245227793351535
7, 37.0, -5.343521293492424, -4.495098819177986
7, 38.0, -4.566875085202548, -4.216553218468148
7, 39.0, -4.959826196737926, -3.4230388525226942
7, 40.0, -4.421224147150652, -3.6593468674955796
7, 41.0, -3.7561641156690087, -4.142397510229867
7, 42.0, -0.5938464292458785, -4.0370777584627735
7, 43.0, -7.1447927604280945, -3.5042917164054734
7, 44.0, -5.167489010257869, -3.4391628911512724
7, 45.0, -4.079844725392881, -3.8350232580402936
7, 46.0, -0.1403269856928584, -3.6621323787655204
7, 47.0, -4.968002966349562, -3.400835299176647
7, 48.0, -4.677249227485757, -3.2366735207513866
7, 49.0, -3.22112146853665, -2.830185320565293
7, 50.0, 0.4699657453673969, -3.225627752282417
7, 51.0, -0.5283457929634303, -3.016160546949589
7, 52.0, -1.0032278870457598, -3.5349820766114286
7, 53.0, -3.814125498394229, -3.4245223442450086
7, 54.0, -6.433857711757894, -4.233600445344843
7, 55.0, -4.400651139279501, -5.136371597491025
7, 56.0, -2.0546142755494907, -5.074311664331617
7, 57.0, -4.9647805509551315, -4.7310153895289035
7, 58.0, -8.902204140700476, -5.6203788549724445
7, 59.0, -4.633712084869201, -5.739008929875952
7, 60.0, -7.257013354265708, -5.788427322744886
7, 61.0, -6.433516860154656, -6.068665719928714
7, 62.0, -7.71593330879727, -6.6908624285259615
7, 63.0, -6.98923108899908, -6.318677414824844
7, 64.0, -5.424984551284739, -6.168448383969942
7, 65.0, -6.7384860485509055, -5.9134301994966485
7, 66.0, -7.853750868723583, -6.18125984544377
7, 67.0, -4.233774620149962, -6.311654341713208
7, 68.0, -6.764055367036571, -6.563096514745405
7, 69.0, -7.336181292490885, -5.441503750117941
7, 70.0, -10.211225461236193, -5.902464822448442
7, 71.0, -4.443633193948549, -5.637034340809769
7, 72.0, -5.473769366114174, -5.3565847834179445
7, 73.0, -4.1045930257524335, -4.948548820350199
7, 74.0, -5.433678087702007, -4.42867582003791
7, 75.0, -2.3855629536636207, -4.938138066233212
7, 76.0, -4.790216096521708, -5.001288978631436
7, 77.0, -4.03607230070269, -4.895476386138959
7, 78.0, -4.150777328489356, -4.279688512060842
7, 79.0, -4.132762785942399, -4.665526879019121
7, 80.0, -4.26684582906385, -4.456361010116573
7, 81.0, -4.025179744647964, -4.536864849260354
7, 82.0, -5.988229390179807, -5.162105888771711
7, 83.0, -2.9173396619463774, -4.629257769657262
7, 84.0, -4.8950169968910755, -5.144560175390819
7, 85.0, -8.563073246313458, -4.957433988080689
7, 86.0, -2.7120219037992896, -4.293668921863792
7, 87.0, -7.205006027288041, -4.439276947241816
7, 88.0, -4.157002628555468, -4.378294392268438
7, 89.0, -4.821844769477597, -3.780105212446718
7, 90.0, -6.634864694985799, -3.8260471423229823
7, 91.0, -4.531957109600483, -4.507655573001582
7, 92.0, -5.453295552052043, -4.139082875222484
7, 93.0, -2.0337578657977233, -3.643716522437138
7, 94.0, -5.477927423420167, -4.583546167016335
7, 95.0, -4.40814209640915, -3.9914929515733157
7, 96.0, -3.1104101186618527, -4.258286302953798
7, 97.0, -1.8970813116662844, -4.373520562621672
7, 98.0, -4.346496814058507, -4.369951496588731
7, 99.0, -4.100591862214115, -4.677580501589428
3, 0.0, -0.6907965873901024, -0.6564191036190654
3, 1.0, 2.6019017294028917, 0.21206042133275171
3, 2.0, -0.3726209238988536, 0.35255824379927536
3, 3.0, -0.1463026486541532, 0.6180751771959145
3, 4.0, 2.544750506867319, 0.17652965654792102
3, 5.0, -0.4078270116591465, -0.5595602225313911
3, 6.0, -0.07346592411734748, 0.09655190399696312
3, 7.0, 2.355918198516222, 0.10597593712347186
3, 8.0, -1.0616400047196408, 0.07614719401152381
3, 9.0, -2.6310099962519673, -0.1547613161899403
3, 10.0, 0.26328604984793513, -0.353377306548622
3, 11.0, -1.1115147648571897, -0.40914713923415036
3, 12.0, 1.925261860766526, 0.10331988908970524
3, 13.0, -3.8323224790171757, 0.7775341332838684
3, 14.0, 5.294890281441642, 0.2653859617825929
3, 15.0, 0.5072772585783181, -0.226792500693551
3, 16.0, 0.6409012353509742, 0.050313586290756995
3, 17.0, 0.7419780238657933, -0.39049811335674567
3, 18.0, -2.626328531329398, -0.5487279038080589
3, 19.0, 0.13858516056398834, -0.4600682727726159
3, 20.0, -1.6235654412767457, -0.5818624339132772
3, 21.0, -1.0781361231230164, -0.8194421242547962
3, 22.0, -1.3657170960843077, -0.6401207847883121
3, 23.0, -1.4165491957690814, -0.7875324814620337
3, 24.0, -3.2479739839665607, -1.9791052180841575
3, 25.0, -1.76259416589889, -2.290490416287995
3, 26.0, -4.0085613926738315, -2.940888347332746
3, 27.0, -3.8685069619673675, -2.950339020326089
3, 28.0, -2.473409657314613, -3.218956026655171
3, 29.0, -3.167002344730097, -3.8603388145407864
3, 30.0, -5.501162229638316, -4.518642994324486
3, 31.0, -5.631157666413483, -4.897810707950125
3, 32.0, -4.054398264863313, -5.1953695808828995
3, 33.0, -7.576872292230371, -5.025484281057205
3, 34.0, -5.548709293265163, -5.756866325630607
3, 35.0, -3.8393866073628327, -5.444551357183256
3, 36.0, -1.9494571012851738, -4.737770785971681
3, 37.0, -2.194617814036891, -3.9827699733452704
3, 38.0, -1.8352423600118173, -4.213718285083386
3, 39.0, -6.054670357724033, -4.301116169790184
3, 40.0, -2.1855038559602664, -3.858417344273313
3, 41.0, -4.328919878972833, -3.8175262010427424
3, 42.0, -0.046557714357406965, -4.569723375886766
3, 43.0, -5.01250902663623, -4.541500497491465
3, 44.0, -4.494229639319184, -5.026158370000273
3, 45.0, -5.21960966628959, -4.433061362838799
3, 46.0, -2.7567822360518557, -3.6323302941941806
3, 47.0, -0.06026473481938721, -3.537987975073468
3, 48.0, -3.940596263426766, -3.484257426016968
3, 49.0, -1.976084024345684, -3.5061068957550634
3, 50.0, -2.816779836484939, -3.424002339236319
3, 51.0, -4.094580686751675, -2.871103861090261
3, 52.0, -1.9141095754744573, -2.505803621934459
3, 53.0, -3.7864963189260674, -2.715714047044484
3, 54.0, -6.877228614583248, -3.254663630496193
3, 55.0, -7.693602239385795, -3.851691627758433
3, 56.0, -1.9136837585753468, -3.9445300198373388
3, 57.0, -2.679197455042888, -3.2277650355968297
3, 58.0, -4.535021119537103, -3.1774138941320236
3, 59.0, -2.7226729361069646, -2.3671079675700404
3, 60.0, -1.6474368267035715, -3.141235612909373
3, 61.0, -0.20939980513324086, -2.7215089098992946
3, 62.0, -1.3728591227489984, -2.5331746335071292
3, 63.0, -2.1548140459297387, -3.519749292291429
3, 64.0, -5.3179232659812214, -2.795105254183001
3, 65.0, -1.5419845175105682, -1.908932713515528
3, 66.0, -0.6521906229818155, -1.9113887531758291
3, 67.0, -3.3316185830732574, -2.8353378550020727
3, 68.0, -3.480627455830607, -3.708064070878822
3, 69.0, -8.22491472297716, -4.112071531757288
3, 70.0, -4.824787816893427, -5.705933703041459
3, 71.0, -6.120614876290351, -6.353584618048781
3, 72.0, -5.756129283040289, -5.884581174860172
3, 73.0, -6.059249598346003, -5.79002392314336
3, 74.0, -7.563735147954564, -6.580595134730624
3, 75.0, -7.066738784266602, -6.6220494510943215
3, 76.0, -4.987334763029079, -5.785869087264719
3, 77.0, -4.645601761934902, -5.7948158585453164
3, 78.0, -4.3374884149199495, -5.964683291087276
3, 79.0, -5.825371613756999, -6.124934154887617
3, 80.0, -6.793830509773557, -5.80662220999376
3, 81.0, -2.6450824305050897, -5.937729803166306
3, 82.0, -3.6836251255619055, -5.831349874028646
3, 83.0, -3.422364315979, -5.423922171783898
3, 84.0, -4.390924664648442, -5.3851316795624085
3, 85.0, -4.9175069573974275, -5.160015674223554
3, 86.0, -5.2696487710326085, -5.158734149147148
3, 87.0, -3.244189941339112, -5.226571973388328
3, 88.0, -6.250686108136371, -5.20332029438271
3, 89.0, -6.121808028889784, -5.199612768571322
3, 90.0, -5.371620049289457, -4.510380766993448
3, 91.0, -4.463833142129907, -4.597191779540818
3, 92.0, -1.891382974908009, -4.078684316739551
3, 93.0, -2.257740825926513, -3.485148307322294
3, 94.0, -2.05816284930823, -2.7001037761155184
3, 95.0, -6.404588633375588, -2.5432954693821217
3, 96.0, -0.1573665686448118, -2.8718773790346357
3, 97.0, -4.565366063515796, -3.2337340655038513
3, 98.0, -1.309489266183626, -3.537373180281211
3, 99.0, 1.0018056045587205, -3.481731628640219
16, 0.0, -2.092416079985349, -5.426111272244373
16, 1.0, -7.1034779812915385, -5.591650657117021
16, 2.0, -5.115279310851404, -5.196141002072839
16, 3.0, -3.841304519630788, -4.61849772728499
16, 4.0, -6.931198673876976, -3.9399040549993307
16, 5.0, -2.172365908963398, -3.768777786625171
16, 6.0, -4.20666935180885, -4.768046323355563
16, 7.0, -4.748683319996144, -5.149934445970024
16, 8.0, -4.493902532319431, -5.3311929977058865
16, 9.0, -6.572415160637548, -5.772961984067202
16, 10.0, -4.041049018016046, -5.3511696554645605
16, 11.0, -4.6238755077033, -5.2892186450734195
16, 12.0, -3.9448002183266966, -5.682572784667374
16, 13.0, -9.085472259449592, -5.687868851962455
16, 14.0, -6.304191126522003, -5.217847359609701
16, 15.0, -3.7387712248014924, -4.424405157551933
16, 16.0, -3.0957300854211267, -4.376709228045385
16, 17.0, -2.711795322412571, -3.968923142495516
16, 18.0, -2.148627447314841, -3.90098337359739
16, 19.0, -6.758256610982535, -3.759285948191979
16, 20.0, -3.9337621210452087, -4.265172373780357
16, 21.0, -4.453526032120194, -4.374089430444806
16, 22.0, -1.8679697233641024, -3.940298289091385
16, 23.0, -5.5856402843209905, -3.8327208386187435
16, 24.0, -6.144705239953192, -3.7934826626558094
16, 25.0, -2.868237528336976, -3.622617189052805
16, 26.0, -3.5728116339901734, -3.6539907667288087
16, 27.0, -0.5287973296202271, -4.083375376352124
16, 28.0, -3.152328584618379, -4.534911663756096
16, 29.0, -1.7643557524099736, -4.409062050155527
16, 30.0, -3.820289875172267, -4.69626452927374
16, 31.0, -5.5133925250338995, -5.452939563906745
16, 32.0, -4.760051789789734, -4.854146562307906
16, 33.0, -4.041165503514479, -4.6730101953601935
16, 34.0, -1.8153832932438045, -4.257344017782949
16, 35.0, -3.1376448848443976, -4.149403823265856
16, 36.0, -1.9100959156026511, -3.709300462831396
16, 37.0, -5.21633945919723, -5.038838640582071
16, 38.0, -4.314308775633735, -4.500890355851135
16, 39.0, -5.680073912282989, -5.058316603154106
16, 40.0, -3.279892298340833, -4.695210028836598
16, 41.0, -4.620880482502527, -4.244809655031854
16, 42.0, -4.92216931345431, -3.2946749483420565
16, 43.0, -0.9702414720675723, -3.381530594688654
16, 44.0, -5.468646527492897, -4.016983798448442
16, 45.0, -6.180809750775211, -3.756491619830184
16, 46.0, -4.870436955748252, -3.3939736272507908
16, 47.0, -1.1963954849109701, -2.8977090438887574
16, 48.0, -2.633538711432111, -2.988108825206384
16, 49.0, -1.9579939159728952, -3.0116819773472217
16, 50.0, -0.5722264201386156, -3.247593530807574
16, 51.0, -1.4651348975675487, -2.31080210422941
16, 52.0, -1.1733972748697457, -1.7628637801956821
16, 53.0, -0.430402925458623, -2.2083284682554645
16, 54.0, 0.7147096078809048, -2.138932190474487
16, 55.0, -0.03594409811808097, -2.4401910011069026
16, 56.0, -4.567973056134006, -3.3940229103643516
16, 57.0, -3.7220039976711234, -3.0665469074813716
16, 58.0, -0.937291505267718, -1.7949457911662188
16, 59.0, -4.47966760494083, -2.0843519324491715
16, 60.0, -1.1342077117879867, -1.849625961436165
16, 61.0, -0.642209183435897, -1.9975088353743868
16, 62.0, -1.4886638551195122, -1.5682567772639289
16, 63.0, -0.26550027839082, -1.602614789256144
16, 64.0, -1.9085086839104344, -2.1923250971350043
16, 65.0, -2.1239359169356353, -1.8654235280079385
16, 66.0, 0.7535084910575716, -1.9033015691735664
16, 67.0, -1.409180497177335, -2.39873107014342
16, 68.0, 0.9605652460279774, -1.5980118749265109
16, 69.0, -1.4821328490036874, -2.175068302010836
16, 70.0, -1.4771917198142297, -2.09860122498885
16, 71.0, -2.8229336098188154, -2.2579854437649396
16, 72.0, 0.46767674886174904, -2.4520256183214433
16, 73.0, -4.452980317912036, -1.0377400104054908
16, 74.0, 2.6567371664536954, -1.0490076961500803
16, 75.0, -0.04230484885719732, -0.45402656553217724
16, 76.0, -0.11468253900930925, -0.03643196422223993
16, 77.0, 0.31792233990953433, 0.4166832421322171
16, 78.0, -0.609612340190683, 0.13791493134934502
16, 79.0, -1.7051788939612156, 1.0935814184502395
16, 80.0, -3.049457689826107, 1.3271945889769268
16, 81.0, 6.27643887175938, 1.6126823890813626
16, 82.0, 1.1504821409448416, 1.7544801842971955
16, 83.0, 0.41536994775280656, 1.6473503942761742
16, 84.0, -1.2183041623159152, 1.5023935703461508
16, 85.0, 1.178838974676713, 1.3505555644100051
16, 86.0, -0.06381788995694815, 1.0242888551731104
16, 87.0, 3.399361632652279, 0.9009019414597256
16, 88.0, 1.9796808480725296, -0.10952627511359159
16, 89.0, 2.47724652617616, -0.3129531101054218
16, 90.0, -1.5134620947025603, -1.0073228493052118
16, 91.0, 0.7028735031577673, -0.9068932628717441
16, 92.0, -3.6584012209382832, -1.3665930681740963
16, 93.0, -2.587208566294673, -2.0909205707601095
16, 94.0, -1.2099242728979576, -1.6548781029485928
16, 95.0, -1.6824902518522866, -2.2880742493979396
16, 96.0, -0.25463210414119564, -2.337113254847027
16, 97.0, -2.827113770383422, -2.7295342989256333
16, 98.0, -4.008017791784427, -2.4889826286837717
16, 99.0, -3.247137630800367, -2.5380425989465785
11, 0.0, 0.5869654593884104, 0.34032174118205427
11, 1.0, -0.9620490878552224, -0.010322614691245569
11, 2.0, 0.9992120242215163, 0.12944366106440092
11, 3.0, 2.5589743753420406, 0.22980840010271153
11, 4.0, -0.5569335971287785, 0.5155234551035439
11, 5.0, 1.4717750535268994, 0.8385546631976766
11, 6.0, 0.4454634992083104, 0.9329618374684422
11, 7.0, 1.33360145384493, 0.6557514407387228
11, 8.0, -0.6788508346036582, 0.7267842084638062
11, 9.0, 1.8641999171334136, 0.34679964386691725
11, 10.0, -0.3327804730537986, 0.03276563473997124
11, 11.0, -1.3335573906102522, -0.3957492295454466
11, 12.0, -1.6255520273166923, -0.3676670823093423
11, 13.0, 2.1428566290971935, -0.10443275414941405
11, 14.0, 0.2584976151028109, 0.4587507721368929
11, 15.0, -0.47168685807803756, 1.2530203814971193
11, 16.0, 1.7825735350273164, 2.1947061191656987
11, 17.0, 2.943518530731862, 2.3261303675558818
11, 18.0, 2.9101398918984756, 2.294397108341666
11, 19.0, -0.8232594304124952, 2.393609918463187
11, 20.0, 3.281513050937805, 2.0492516770730194
11, 21.0, 2.278702167893845, 2.361535969072258
11, 22.0, 6.200404145680383, 2.8210630540943518
11, 23.0, 1.7568272927054887, 2.8078810783840837
11, 24.0, 4.284578358101144, 3.323411496428124
11, 25.0, 1.6715212727808766, 3.316397996752041
11, 26.0, 1.868388951266745, 2.644829852016414
11, 27.0, 4.496195010880276, 2.9667102629267923
11, 28.0, 1.841946451777146, 3.140788668561151
11, 29.0, 2.388382436412294, 3.6667998308238894
11, 30.0, 2.1187678123116362, 3.644928385342106
11, 31.0, 5.03732799171055, 3.865294785236984
11, 32.0, 2.8368495869141976, 3.4223235339215177
11, 33.0, 3.5901743045586687, 3.8990396548938118
11, 34.0, 4.9399186456325115, 4.049702304837923
11, 35.0, 0.7474751043731822, 4.074730528951218
11, 36.0, 4.136194840728313, 3.9369779421216635
11, 37.0, 8.19313670841927, 4.029387756324297
11, 38.0, 1.5126266360526883, 4.0140191391887585
11, 39.0, 5.40117522791291, 3.4471096743649854
11, 40.0, 1.9081014667943133, 2.5436523027995914
11, 41.0, 1.9407136394318338, 2.4402450707054006
11, 42.0, -1.0385494920722929, 2.407758690333628
11, 43.0, 3.4734672742682706, 2.4806861011948795
11, 44.0, 4.187271710884557, 2.3474379648761152
11, 45.0, 1.6382048170694712, 1.8175003769591442
11, 46.0, 1.6027777205689153, 2.0328926336936464
11, 47.0, 2.120882117791163, 1.3805952998075162
11, 48.0, -2.3384819468229123, 1.9437636597886883
11, 49.0, 0.26243548363797586, 1.396923788817026
11, 50.0, 0.4018925618908016, 1.6849309001325437
11, 51.0, -1.658481981949619, 1.3291549030666534
11, 52.0, 1.1692221923370274, 1.185175664425804
11, 53.0, 0.7098423934722717, 1.153879667682697
11, 54.0, 0.7187398768182176, 0.5664636404176353
11, 55.0, 1.8856603060253263, 0.5421216189052922
11, 56.0, 1.6535857721929597, 0.45005012130586075
11, 57.0, -1.3404951440302648, 0.28112751900731836
11, 58.0, 1.3280290304067075, 0.21919895671336326
11, 59.0, 0.3799794019116297, -0.028348934280571753
11, 60.0, -0.11003665849065186, -0.4178483349852852
11, 61.0, -0.5673086156757947, -0.2855923840997895
11, 62.0, -1.9782733182424277, -0.8795736413575432
11, 63.0, -0.5731184656102789, -1.1401381255320147
11, 64.0, -2.3827362747218306, -1.5657097986429354
11, 65.0, -0.6768360426441304, -1.7239018053186468
11, 66.0, -0.6908735014303766, -0.5605050015826676
11, 67.0, 1.168444783465029, -0.5231575772646962
11, 68.0, -0.9384048424252897, -1.025444269212211
11, 69.0, -2.4055723525904646, -0.7982549580843626
11, 70.0, -1.7836064721980298, -1.2483698704912116
11, 71.0, -0.48618070019079973, -1.1317995870452693
11, 72.0, -2.901205055479072, -0.03902058571915146
11, 73.0, 2.8351209980410217, 0.3064047303884464
11, 74.0, -2.355240923293617, 0.5205730170184741
11, 75.0, 3.522375843268682, 0.6722628145821723
11, 76.0, -0.9099878532407211, 0.6717795770873609
11, 77.0, -2.038194684912437, -0.12622877980469072
11, 78.0, 2.1392215402078296, 0.10659026941709798
11, 79.0, -1.8289404038982717, -0.4013916385097937
11, 80.0, -2.414607714294318, -0.3942391641288017
11, 81.0, -3.8794821092367227, -0.13257654965139404
11, 82.0, 1.9879589890421396, 0.5511130794949974
11, 83.0, 0.8909703593893056, 0.38103252872628024
11, 84.0, 1.9865690523016584, 0.47830316397217476
11, 85.0, 3.0267346753864235, 0.19679474880240733
11, 86.0, 0.7373350430289471, 0.2651571955238661
11, 87.0, 0.2528381924432549, 0.11596586767194875
11, 88.0, -0.18468894480257164, 0.13912846565393433
11, 89.0, -3.0400701518622686, -1.3498623506237641
11, 90.0, -2.9136180120538784, -1.484856795563608
11, 91.0, 1.0245113782870936, -1.1716698946274646
11, 92.0, 0.868158369959894, -1.135065934664985
11, 93.0, 1.4561047497865203, -0.722850481428571
11, 94.0, -0.827023242440353, -0.7236978774308889
11, 95.0, -2.4302224474607996, -1.2577157386711941
11, 96.0, -1.5353872668162771, -1.4179431588514801
11, 97.0, 0.25581247795370876, -0.9264286695454147
11, 98.0, -0.5233196114514713, -1.6194163928216194
11, 99.0, 0.9808619256865154, -0.9518070918616257
8, 0.0, -1.8189125512623872, 1.08908609143186
8, 1.0, -2.4171724186599226, 0.34756110814878083
8, 2.0, 0.9608229278699166, -0.1371703786719468
8, 3.0, -3.766436164541672, -0.243869644703755
8, 4.0, 1.3654436224660933, -0.10019485847259968
8, 5.0, 0.39559059986246614, -0.49083296068136373
8, 6.0, -0.19405091962915288, -0.49286398657267483
8, 7.0, -0.3878292658722701, -0.694969438521566
8, 8.0, -0.1814800228607526, -0.9025052847951724
8, 9.0, -1.6302735528262384, -0.3136156011246475
8, 10.0, 3.5064068953064864, -0.7308610264700683
8, 11.0, -2.149689223692005, -0.8612956400336487
8, 12.0, -0.3205585416624446, -0.577929831805784
8, 13.0, 1.3842047260129238, -0.47503415075295236
8, 14.0, -1.1548371097058476, 0.22662545553611385
8, 15.0, -3.6482615897124706, -0.9067968883819006
8, 16.0, 0.9740337150925106, -0.09673508358676008
8, 17.0, -2.9568778748041873, -0.10960976880403409
8, 18.0, -0.45251901844484, 0.20127633925383712
8, 19.0, -1.43854680252652, 0.5813387926325517
8, 20.0, 4.45329142192824, 0.9564810329787761
8, 21.0, 1.038781116135579, 1.2779616491060635
8, 22.0, 1.625314241181734, 1.1814547761566083
8, 23.0, 1.7005253878547928, 1.6587887489527158
8, 24.0, 1.2445965887827128, 1.4350883083138752
8, 25.0, -2.9569820388271855, 1.5394618406925367
8, 26.0, -0.30802574561318674, 1.8529614716288723
8, 27.0, -1.571073410539265, 1.6456583799120117
8, 28.0, -1.4918181084963338, 0.699800610730531
8, 29.0, -0.559022330688884, 1.1705333151770891
8, 30.0, 1.085489636076527, 0.5850472563258106
8, 31.0, 2.4415746464980614, 1.45464496937588
8, 32.0, 2.846524781078122, 1.3044164380889638
8, 33.0, 2.8711208648050057, 1.3348614612383507
8, 34.0, 0.8100272778697482, 1.7811396412848324
8, 35.0, -1.9242272326741552, 2.6627103221499087
8, 36.0, 0.046885540661042224, 2.5103498205468098
8, 37.0, 5.534887478896222, 2.2689606509529905
8, 38.0, 2.0492362071167105, 1.7990378663591402
8, 39.0, 2.3633830498701425, 1.718343077833151
8, 40.0, 0.8575656738401571, 1.8307816040787752
8, 41.0, 1.2111277411516315, 0.9714236032190029
8, 42.0, -2.731910290529723, 0.23331022588537353
8, 43.0, -0.23999870283183994, -0.08796397840863357
8, 44.0, -0.16015755350207228, -0.9926986549012534
8, 45.0, 0.7493500514791682, 0.5984666081959263
8, 46.0, -0.148363761161308, 0.5112825444632823
8, 47.0, 2.1978105413498294, 0.8274153085646703
8, 48.0, 0.7002318981473766, 1.3401021198394139
8, 49.0, 2.527692270986128, 1.2222422980800545
8, 50.0, 5.052207946773439, 1.2962067060112097
8, 51.0, 1.6983502651840392, 1.2558836648782288
8, 52.0, 1.5241597284365753, 1.7662897304405012
8, 53.0, 5.264557420036008, 1.8305239230234516
8, 54.0, 5.044781018927904, 1.6704010255880777
8, 55.0, 1.761135150507728, 1.2082025984919933
8, 56.0, 1.398581805916777, 0.8666268373293547
8, 57.0, 3.5749629164082437, 1.1767653260295639
8, 58.0, 0.8130489071204987, 1.6910232577753828
8, 59.0, 4.579365847573183, 2.0955007862745862
8, 60.0, 0.7230447144370872, 1.3080313853706809
8, 61.0, 4.410655499746575, 1.664717846046309
8, 62.0, 2.0196263135574593, 1.4615010859844777
8, 63.0, -0.09827790481514498, 0.17940044691075996
8, 64.0, 1.1557061471468035, 0.052959740953747586
8, 65.0, 2.317038720290759, 0.8506967416095098
8, 66.0, 2.789357021088081, 1.6572632078391258
8, 67.0, 0.13365943109489176, 0.8870318740070359
8, 68.0, -0.6830765102648797, 1.0954927168521356
8, 69.0, 0.17048217551061207, 1.4210075153425925
8, 70.0, 2.9373380767715953, 2.135436742004795
8, 71.0, 3.78452517964754, 3.2213999323347164
8, 72.0, 4.611564057031426, 3.31012769769828
8, 73.0, 2.847097653962121, 3.2515058509023276
8, 74.0, 1.026757597066328, 2.842690629515461
8, 75.0, 0.9957850448078216, 3.3345345232438692
8, 76.0, 2.840783602655531, 3.44613610776982
8, 77.0, 4.07133335867748, 3.8130828100401652
8, 78.0, 2.2640510829681446, 3.931655546050811
8, 79.0, 6.037182907130687, 3.4442613671032456
8, 80.0, 1.4118815362189152, 3.8829293086434884
8, 81.0, 4.553015963463348, 4.46805741961297
8, 82.0, 8.154450980403848, 4.311098772542013
8, 83.0, 1.4343685385135685, 4.719870869894493
8, 84.0, 4.263277149243819, 4.293521154871343
8, 85.0, 3.5910084345630136, 4.885039923282232
8, 86.0, 5.4207791546734505, 4.750831761023475
8, 87.0, 7.876278242245866, 5.984267081011277
8, 88.0, 6.905065888353713, 6.074517779625082
8, 89.0, 8.983038346519006, 6.566013342659785
8, 90.0, 5.433881666215708, 6.024785187783819
8, 91.0, 4.760328356616734, 5.942270926428986
8, 92.0, 3.5024632932098667, 5.053853843694852
8, 93.0, 5.347353638062268, 4.804829682162651
8, 94.0, 5.070992557282717, 5.285677989308603
8, 95.0, 5.270405647066559, 6.078566216278389
8, 96.0, 3.0322461234637723, 5.752359015451995
8, 97.0, 6.797842474784473, 5.425302884604164
8, 98.0, 5.6813947455015645, 6.452953973068143
8, 99.0, 7.121144464967236, 7.422054721448074
4, 0.0, 4.971133090050275, 4.291168727498554
4, 1.0, 2.107193303608774, 4.364435048396008
4, 2.0, 2.7902028851619924, 3.9392936706846378
4, 3.0, 5.545521475545424, 3.498820725792667
4, 4.0, 3.072295592401331, 4.073263011767887
4, 5.0, 3.272408231469348, 4.603321547035305
4, 6.0, 5.033340516690865, 3.667322373401667
4, 7.0, 2.7581708119798267, 2.9130116279187623
4, 8.0, 1.4376987181920513, 2.310956785306074
4, 9.0, 0.5795264200425363, 2.106353275173047
4, 10.0, 0.6736811352711094, 1.6947905511921975
4, 11.0, 2.7309754415053877, 1.4576561951605314
4, 12.0, 2.8472822000032916, 1.215792634910119
4, 13.0, 2.9014710778761126, 1.4474689080895864
4, 14.0, 2.08290534902632, 1.9048931952208366
4, 15.0, 2.6690029239621826, 1.1760641861685652
4, 16.0, 0.35190883505067516, 1.1877635500063997
4, 17.0, 1.230643373818936, 0.5983248195384016
4, 18.0, -1.289049192405906, 1.0068694756931522
4, 19.0, 3.156508678547353, 0.7041022160916701
4, 20.0, 1.6813717312030425, 1.116401426095823
4, 21.0, 1.396348193575114, 1.152418169472331
4, 22.0, 2.3054842234121207, 0.495782669666907
4, 23.0, 3.6277437149851672, 0.036851896080748625
4, 24.0, 2.4430096952543456, -0.5401503465955031
4, 25.0, -0.2630276586563927, -0.07917506245410005
4, 26.0, -0.5644271738479849, 0.31993365839824545
4, 27.0, -4.810423295045375, 0.062081853158760025
4, 28.0, 1.2831604860117622, -0.19463731764370312
4, 29.0, -0.9485943600390506, 0.055223499213954114
4, 30.0, 1.7707950894245512, 0.17585940371896963
4, 31.0, 2.3946145485321306, 1.1915243447305723
4, 32.0, -0.23265880226782165, 0.6172341578981599
4, 33.0, -0.29818851269211444, 0.9679966416847345
4, 34.0, 2.4519779922582856, 1.5194111146756102
4, 35.0, 3.335930456955536, 2.032479197220308
4, 36.0, 1.574522373436183, 2.5932313256294157
4, 37.0, 0.7175502656021178, 3.156504767757374
4, 38.0, 3.081370358277275, 2.4032265409668034
4, 39.0, -0.39946751947934445, 2.004785938229802
4, 40.0, 3.419020219372949, 2.281411539796535
4, 41.0, 0.692317940687091, 2.806294168663821
4, 42.0, 1.4311720800176593, 2.648710009480692
4, 43.0, 4.251819039665504, 2.57610066742884
4, 44.0, -1.4137377089682808, 2.018251008586976
4, 45.0, 4.211328427943278, 1.6018861115174645
4, 46.0, 1.2176821235232338, 1.3892861271131982
4, 47.0, 2.4771790088973886, 1.7827404951017494
4, 48.0, 1.3203011049267062, 2.2476042603766544
4, 49.0, 3.2811560126647916, 2.369445399423567
4, 50.0, 3.0460141530585356, 2.165770305462307
4, 51.0, 1.4246365169736865, 2.5113890379543826
4, 52.0, 2.0780101209322477, 2.1923148648532886
4, 53.0, 2.128034147804481, 2.6524876675562172
4, 54.0, 2.9859901192954963, 2.6132555504487502
4, 55.0, 2.9312465058815373, 1.9857482234524033
4, 56.0, 2.62827491450319, 1.52628001035992
4, 57.0, -1.1196914599827124, 1.6573003835031201
4, 58.0, -0.05873004437324025, 0.8715307462376092
4, 59.0, 0.9972957052486887, 0.47013246043024637
4, 60.0, -1.3669293854735998, 1.7235800216126218
4, 61.0, 1.8378781063829992, 2.135241877967116
4, 62.0, 3.6317908429135857, 2.689042930625842
4, 63.0, -1.015699294117895, 2.161763216806935
4, 64.0, 5.113114874210754, 3.7267328992979056
4, 65.0, 6.828172974076002, 3.8716262910137176
4, 66.0, 3.5375833870681075, 3.8966350013959166
4, 67.0, 4.592018386205483, 3.2890268210583375
4, 68.0, 0.14597370473764837, 2.8682468456932293
4, 69.0, 3.391002368481022, 2.2791176313410744
4, 70.0, 3.1816631391076124, 3.2195462136464386
4, 71.0, 4.129255210625013, 2.44334123179537
4, 72.0, 0.7043393722643783, 2.540061864100639
4, 73.0, 2.583501201496704, 2.517410519943069
4, 74.0, 3.8207080350615055, 3.0589853756794203
4, 75.0, 4.0233126714721035, 2.3706720931437544
4, 76.0, 2.255119656408197, 3.2535146771792434
4, 77.0, -1.389258145200769, 2.1817461425936253
4, 78.0, 0.7748852876639966, 1.4405209887978823
4, 79.0, 0.22743307567214566, 0.8815023902176078
4, 80.0, 1.5519590254453917, 0.22825134093490074
4, 81.0, 0.4431609265626433, 0.2628072299645758
4, 82.0, -2.023585836624807, 0.7435852483558318
4, 83.0, -4.751696383900439, -0.1742234846346078
4, 84.0, -3.7085770760965806, -1.3282860426976713
4, 85.0, 2.330582993828627, -1.507463318393641
4, 86.0, -0.4390918974085891, -1.3358875733291766
4, 87.0, -0.4990211276089078, -2.0751515732759582
4, 88.0, -0.2959263823503981, -0.730074390282831
4, 89.0, -1.8154584308542987, -0.9653750313854855
4, 90.0, 1.3703474728290774, -0.0347948638976584
4, 91.0, 0.9722445867682041, -0.3976394314428435
4, 92.0, -1.4030842455052241, 0.08721061230902666
4, 93.0, -1.7065515112669032, -0.24990221026756154
4, 94.0, -1.738453406536185, -0.3708951194638127
4, 95.0, -1.9249274551755824, -0.18326175820543067
4, 96.0, -0.9954768605581198, 0.4967856782726757
4, 97.0, -1.1838888183605654, 0.7408425520457183
4, 98.0, 1.4648277311134705, 1.2072861240219137
4, 99.0, -1.015521557267065, 1.3509370290566092
15, 0.0, 1.173981933860156, 1.8134212556682663
15, 1.0, 0.755840913933044, 2.1941937080786635
15, 2.0, 3.317306564977388, 0.7182616515090396
15, 3.0, 0.6362414233950044, 0.6170932847012441
15, 4.0, 0.7715705834023328, 0.5653064622963653
15, 5.0, 0.4627961637079576, 1.1084255358429767
15, 6.0, 1.8832359286860025, 1.4997897454309812
15, 7.0, 2.730446333701473, 1.1752933312856748
15, 8.0, 2.200677248087313, 1.5719084709259479
15, 9.0, 2.068367436479855, 1.245594001779665
15, 10.0, -0.33385106624713934, 0.5611627064956589
15, 11.0, -0.08898749311650106, 0.42914161498334197
15, 12.0, -0.08675113412542122, -0.16423897861681008
15, 13.0, -1.5254020145210598, -0.08631102348627483
15, 14.0, 5.034412091035779, 0.25065314208141515
15, 15.0, 1.557917904750559, -0.012550159809423478
15, 16.0, -1.7550219413563606, -0.01824323986700633
15, 17.0, 1.2055128902509684, 0.30507683045811046
15, 18.0, -0.3240953879648394, 0.8691521671141635
15, 19.0, 5.394352587409994, 1.4731522590708317
15, 20.0, 0.9498715482888113, 0.43199999754964313
15, 21.0, -0.1378697774759181, 0.6407598090913464
15, 22.0, -0.2599946916503507, 0.35405755533607686
15, 23.0, -0.9239612206506005, 0.2738831374702377
15, 24.0, -0.8484720187876259, 0.5443882812999353
15, 25.0, 0.5309368879054079, 0.26719620402762506
15, 26.0, -1.3940293263748467, -0.36977609460261524
15, 27.0, -0.3705366646430228, -0.8879412601618342
15, 28.0, 0.5270538186648814, -0.9864488650843612
15, 29.0, -2.9932930489163248, -1.4945695605559672
15, 30.0, -3.181096344499796, -1.4233495254895758
15, 31.0, -1.001743084171238, -0.6812917507053932
15, 32.0, -1.260764094862248, -0.9363107592448399
15, 33.0, -0.5967951112724562, -1.0641692963133678
15, 34.0, 0.9355320966439458, -1.2226429398375271
15, 35.0, -2.070936163831574, -1.64503288371823
15, 36.0, -0.23895239820201963, -1.5918659532219184
15, 37.0, -1.3967604313426194, -2.0976345198070963
15, 38.0, -2.480035316946523, -2.1032446972163483
15, 39.0, -5.935458660599036, -3.0354097226277696
15, 40.0, -3.355811630467752, -4.0422451469638245
15, 41.0, -2.4686109413316264, -3.7382532545723177
15, 42.0, -4.691941541572879, -4.7060903503258364
15, 43.0, -3.0519960343261117, -4.529397988370564
15, 44.0, -6.095359020298384, -4.614042659748116
15, 45.0, -7.25307514019468, -5.058004125733316
15, 46.0, -3.618946759654838, -5.271300020915722
15, 47.0, -3.7037337877867653, -4.862675649042866
15, 48.0, -5.700511338175034, -5.291400345773011
15, 49.0, -6.861438267022452, -5.8256822142398725
15, 50.0, -6.349398132558737, -5.0708950137484345
15, 51.0, -2.166918964030814, -5.061465302995866
15, 52.0, -2.713023069103045, -5.449431554921447
15, 53.0, -5.407196963986787, -3.9407994558159793
15, 54.0, -3.1875095741006776, -4.274411187806068
15, 55.0, -4.48533732877454, -5.071285703624927
15, 56.0, -5.811860146393552, -5.108873352295883
15, 57.0, -3.0099184715415532, -4.516704359616492
15, 58.0, -2.2242867016094685, -5.122391276790766
15, 59.0, -3.1421224348079497, -5.150913175609264
15, 60.0, -2.611038099454167, -5.238418061761294
15, 61.0, -7.408043657388493, -5.868130275803004
15, 62.0, -5.198377962469096, -6.072861386021477
15, 63.0, -9.214698437346888, -5.640163851722315
15, 64.0, -8.32134375949296, -5.623814316310898
15, 65.0, -4.752842860632478, -4.837985190639382
15, 66.0, -5.20041336696059, -4.501568373005307
15, 67.0, -7.144219991890893, -5.034898365462139
15, 68.0, -7.547005935438124, -5.269621388691716
15, 69.0, -3.9897312335289765, -4.625835010659786
15, 70.0, -3.6104961675368417, -5.069488092181509
15, 71.0, -4.168135218955093, -4.57107773675715
15, 72.0, -5.810053158944114, -4.72720874522358
15, 73.0, -5.913585323801782, -5.023263217341353
15, 74.0, -6.602584774967561, -5.225969198373342
15, 75.0, -5.374987899547258, -5.1979272928430795
15, 76.0, -5.5477148444107565, -5.110128819415256
15, 77.0, -4.773122648647455, -5.467086993566717
15, 78.0, -5.272882757321798, -4.970743665007527
15, 79.0, -2.1310639001524616, -4.72066835292677
15, 80.0, -3.951907060732435, -3.99659376114825
15, 81.0, -2.9450543905332944, -3.9171910460337975
15, 82.0, -2.6867459503392483, -4.061546682886341
15, 83.0, -3.3006283943757904, -3.733243495652329
15, 84.0, -0.4735760807034777, -3.2684784944750755
15, 85.0, -0.870680572444535, -3.269152365755267
15, 86.0, -2.151867935733309, -2.9172253799515095
15, 87.0, -1.6991769461223218, -1.6753492457040415
15, 88.0, -3.7648737570290836, -2.5222312730310668
15, 89.0, -1.7712051214369644, -1.5384571466450834
15, 90.0, -4.108177584903257, -1.6688705583503423
15, 91.0, -1.1222506662253284, -1.7284821837650683
15, 92.0, -1.5206191655819659, -1.390000480815785
15, 93.0, -3.444164153219469, -2.269764262263246
15, 94.0, -4.156343541216239, -2.1888724078229655
15, 95.0, -2.0887757971570844, -1.8450258851473436
15, 96.0, -1.9057130828288555, -2.589356318222852
15, 97.0, -5.51879627340151, -2.9736174151264376
15, 98.0, -1.424377896450078, -3.868082463222022
15, 99.0, -5.9632719654049655, -3.248456823831587