alpha, beta, sigma
-1.4647641327644887, 2.09452612976286, 0.43472798342236063
-1.3128789346250034, 2.0387343305962573, 0.5179576240284162
-1.4331194836909769, 2.094143438215178, 0.467984994328972
-1.3339026212066059, 2.072073073317216, 0.44420611992287845
-1.4792269231234154, 2.0285460916300564, 0.43540816952637945
-1.4150624688640607, 2.016638025014397, 0.44224058202713074
-1.4219424164524415, 2.085717211044496, 0.46023112308760133
-1.3955419813694343, 2.0571558871006457, 0.4470174133318207
-1.4542183293740598, 2.0166493092222777, 0.43035691017314726
-1.4580538144921107, 2.0442846831932453, 0.45718469009129964
-1.4465833642049375, 2.0868687875685326, 0.49938905842390585
-1.358024709213713, 1.9794331786746902, 0.486222581745922
-1.4264815462982856, 2.0338109292808877, 0.4835802428932328
-1.371175699541858, 1.991156860719391, 0.45585236073963636
-1.4167367856528847, 2.173976962234917, 0.5167835123243419
-1.4062035305648939, 1.9677488988384635, 0.49086607028102325
-1.3738093066385324, 2.046265562296245, 0.4532375155006247
-1.3679721078529605, 2.0720439132962234, 0.4294340279163574
-1.5021031350132845, 2.1148503199117377, 0.47528808211302864
-1.4783324348356923, 2.016125718105817, 0.4388755092369068
-1.4174957544037594, 2.0313262298087054, 0.4371671915477004
-1.3911542918525333, 2.0752793829904888, 0.43771476614378363
-1.4100948627006182, 2.0010458204617616, 0.45423477220576086
-1.4338717796255784, 2.146420820286718, 0.46974374437796135
-1.464523198339461, 2.134028532676443, 0.4593664893609434
-1.4857094472288377, 2.04983847259697, 0.42385591302073655
-1.415899477351278, 2.1369617959655103, 0.4873543207695975
-1.4138425059236361, 2.0359208186826465, 0.4821856302674104
-1.4127660174013859, 1.9822890072876953, 0.43779423890686625
-1.394570550683535, 2.118288737026263, 0.47728999280031253
-1.423601670877496, 2.0139437494209944, 0.45869556365432734
-1.4315995960446202, 2.051782100497067, 0.4556218926923892
-1.490603479071636, 2.1354366300154908, 0.4759920674008985
-1.425890055212475, 2.0342727484904843, 0.43101751019028356
-1.513039902645137, 2.153858190743298, 0.4315761652630542
-1.4184676843469224, 2.0436056123692046, 0.43950580059256705
-1.310524894224299, 2.0907620752735485, 0.4991394514978769
-1.438986783430079, 2.0412217271373962, 0.4584424454026869
-1.4196661030225686, 2.0612995975416464, 0.4775221760523594
-1.3969521401005949, 2.042524193924364, 0.47046843877416145
-1.4267168573940305, 1.9719865096724583, 0.4473334619392536
-1.4441039024709807, 2.1018263834957542, 0.5499849700118191
-1.4878062839124966, 2.0499193421392174, 0.4949343717175118
-1.3758703979467355, 2.102515832403318, 0.4494360893845404
-1.377983527547026, 2.035294109306283, 0.47323198488167684
-1.414105860995931, 2.0488841364879846, 0.4890862314521807
-1.4354247211282047, 2.0829290700028555, 0.4713616649269474
-1.4103529349849133, 2.114113082266081, 0.4105379297036188
-1.4790213874282552, 2.0741772836726042, 0.4502903904684557
-1.3821399937954122, 2.058306718710616, 0.4762504994705553
-1.4508464085670012, 2.116448262317382, 0.4755735560259844
-1.3924512146864199, 2.0486317850633586, 0.5084991305963636
-1.4501434554246992, 2.0017713879713224, 0.4612034366435744
-1.439767424362052, 2.0999112999203398, 0.4918893712438112
-1.2957153942993331, 2.1247753906259264, 0.4789603714409862
-1.4418814130475408, 2.14065788674705, 0.4871796747460409
-1.409520273417995, 2.0831708612607294, 0.4461028562992259
-1.3867211166284412, 2.0520374781361217, 0.4403669899338216
-1.3986384318129506, 2.109442751516007, 0.5844293541577471
-1.4285424972638787, 2.0632341333028585, 0.5006438867426772
-1.4474519884095727, 2.108519552841962, 0.48542094033685784
-1.3936637356185893, 2.139453415591391, 0.49255238717412975
-1.3674527336839961, 1.9768326554703373, 0.4564854431732424
-1.3569955066195547, 2.057741407188234, 0.42793106099945355
-1.4324363190462903, 2.0354000695296492, 0.4637902146380375
-1.4432295396618264, 2.0395897825334637, 0.46518115306395796
-1.4974992825520663, 2.1021788437973092, 0.4858232073199305
-1.399898299230603, 2.1118372433357817, 0.5128831263665844
-1.4378147269775667, 2.045217561270052, 0.4294737518169185
-1.419933387137097, 2.135151134870012, 0.49091233532224604
-1.4669569375233569, 2.021916126227355, 0.5021554712960677
-1.4174218661579763, 2.014352510744947, 0.49195051566690856
-1.4055631583305415, 2.125221581746216, 0.44778626106148717
-1.4204316242657955, 2.0381899907345704, 0.4610825621771058
-1.4601989691556105, 2.071955696342021, 0.44928281202209863
-1.4203758096086356, 2.1149246340424215, 0.4550590125969293
-1.4725832219086075, 2.115130959820584, 0.5031213873078705
-1.4743984207944898, 2.040878995654029, 0.44270040649409076
-1.3679497025064546, 2.060770225097636, 0.5292391551963389
-1.4286561244256952, 2.1665700795580807, 0.5192847742119775
-1.4225365668231569, 2.047901681589944, 0.45781821020193314
-1.3828459350303084, 2.0583626448708565, 0.5483500896427157
-1.4430417004033849, 2.137311128161375, 0.4823679098262877
-1.3840510854848427, 2.097208498070868, 0.5124326810695281
-1.4430595416784957, 1.9699628785813907, 0.5194374345629729
-1.4886007840939346, 1.9846475498305254, 0.5137167639987066
-1.3685767701267768, 2.0534340916850127, 0.4818095700948348
-1.3636612360501248, 1.962933731910769, 0.4542792358270112
-1.360630484523628, 2.038311790247176, 0.44925886094974665
-1.4466737195306183, 2.0449487612946284, 0.4981148435136083
-1.4044502142682556, 2.114279137118061, 0.4588966919400743
-1.4629762600085425, 1.9840180384944013, 0.4688998068736303
-1.4591583432381419, 2.0692362722845727, 0.4426774291280765
-1.4292695748531303, 2.10735825081838, 0.48405853724068704
-1.4212628393024274, 2.0711367971684846, 0.4695635831923494
-1.4081597144560867, 2.14796943646926, 0.4324626288552232
-1.4316440624938447, 2.046148837027797, 0.4680808482573658
-1.359517778119096, 2.0387901077927695, 0.43992920182958445
-1.403648021378431, 2.1454471676791447, 0.43541441975194617
-1.4647992559487413, 2.093186353230157, 0.5213626076513476
-1.471820915657414, 2.0452150542073047, 0.4678069974745223
-1.4120631407673734, 2.1011434009067216, 0.45184002701388837
-1.3879458389687283, 2.015013788461097, 0.4985000831452955
-1.3765935690375906, 2.1718481212163896, 0.4763963982173851
-1.3934226728634322, 2.0648652433894963, 0.4044470124188762
-1.3974798799935086, 1.9805661845612734, 0.5423328126230851
-1.3488789093023081, 2.0962857278842, 0.45488925604870334
-1.386427852476788, 2.070176357046168, 0.43227496164872153
-1.46291270403059, 2.1086246260708776, 0.4672523512632832
-1.505562997448961, 2.052090142514746, 0.4590796679380162
-1.4549909993417618, 2.1232886400630657, 0.44508733233099357
-1.401392942936949, 2.0509432330757735, 0.47070828920405794
-1.4096475833359088, 2.0944321648637327, 0.4386982403588972
-1.4338444202979648, 2.087237508048152, 0.4212223784455133
-1.407828486136303, 2.034853991971865, 0.46599496684236064
-1.4255708263155455, 1.9998983669435515, 0.49924088065194605
-1.3782383701359804, 2.0378086762314696, 0.500720256571578
-1.4107216708666708, 2.062486955801435, 0.5060993057224518
-1.4848339227476561, 1.9739553496258575, 0.4435222439951381
-1.356659926193784, 2.0533082555263915, 0.4837579576407523
-1.4357699195376237, 2.126328275291975, 0.4395629252717984
-1.3892163749719486, 2.105454136617002, 0.4224592038571509
-1.3986639838666992, 2.095328946584857, 0.4684798649916681
-1.3557342329016466, 2.0737795972438526, 0.5201599493627572
-1.346192003931139, 2.0910939549445566, 0.5459830230219589
-1.4013793617592396, 2.1304606589839405, 0.45294315902501114
-1.305591676398805, 2.09470522917287, 0.48576040485586175
-1.4983712543032297, 2.1837353425166195, 0.47016869970421743
-1.419423304067047, 2.069318382428155, 0.47516016835324904
-1.4105747165298677, 2.1160383038998605, 0.4715306291444202
-1.40380104115744, 2.104711711128187, 0.4562996259231692
-1.4212494823892854, 2.077350313248978, 0.45272771494933434
-1.3903636427010888, 2.0507433982138257, 0.49059925938909993
-1.3980296743889054, 2.140818354818767, 0.5207066756100198
-1.4245955122916185, 2.0925554787015566, 0.4231392205753598
-1.426969233624909, 2.0857650523421882, 0.4695626489819677
-1.4703125291814148, 2.0539202148033646, 0.4542152710471744
-1.455958235712287, 2.0258511130220263, 0.5045197388469341
-1.4915340912539952, 2.084859366991994, 0.46018718382823914
-1.3399947804857852, 2.06507294472533, 0.4323083376580097
-1.4801234273156179, 2.1504093126579935, 0.462023883380595
-1.5286957402511643, 2.0868325206659253, 0.5007315905022707
-1.3842604036388777, 2.032619032215965, 0.4386867017252864
-1.4016834292067109, 2.169688569626624, 0.5002683795637419
-1.4415730046930764, 1.9972858773938273, 0.4169650548710631
-1.388996981746598, 2.067283693799965, 0.4531581566400589
-1.3173817069815785, 2.0319593334531163, 0.47515910733313654
-1.355178300209054, 2.0861556946608695, 0.439755767365348
-1.3921423653876008, 2.102137333493862, 0.48186351858242155
-1.3954926096055362, 1.9717908605003132, 0.466716384318779
-1.3845688594261625, 2.0233662321621178, 0.5013574252343249
-1.4538521666977744, 2.116507097846395, 0.47541431903740033
-1.4883868390114274, 2.098581678002898, 0.5010401792892353
-1.4918242429288444, 1.9892000273695685, 0.5419403795648726
-1.4613013207511005, 2.0996943970670467, 0.4342222709074742
-1.4421624792932457, 2.0582019832951137, 0.4706768231976692
-1.375998783736071, 2.09992175156782, 0.4413666662158825
-1.4869340419884511, 2.0666574744599497, 0.4789054931273643
-1.4869437298768473, 2.0467735611355473, 0.40436567223998277
-1.3953103986374278, 2.1834615645180686, 0.4909558313079968
-1.5182804223524684, 2.0783221194301778, 0.45833478761574364
-1.4048089710398317, 2.0471473625135297, 0.4431809501179033
-1.4977996082744691, 2.0943365292364446, 0.4866131696821704
-1.4058816828900345, 2.0719549642412156, 0.4979888297050833
-1.5157709575636353, 2.0220104782566057, 0.503536396750583
-1.4120255021446932, 2.1080376988714606, 0.4518696030582238
-1.4338787637100034, 2.006104848773948, 0.4636304533565446
-1.5210148345373276, 1.995722113308143, 0.5002100518666085
-1.4154342340797372, 2.105325254476317, 0.4804276602874919
-1.372627579700341, 2.04652690551353, 0.4832215177992893
-1.3517545633049368, 2.1068326374519755, 0.49083862790639204
-1.4601744849308274, 2.1237216407781503, 0.4446157836107829
-1.4322682125613897, 2.0805057287719797, 0.5037899585274742
-1.4409760407205796, 2.119315334293582, 0.47142418314968193
-1.4926635690363366, 2.052906520952442, 0.5159580644516052
-1.3977564174406614, 2.2029657842016825, 0.45045433576323646
-1.4357849358116272, 2.0548847264051333, 0.44228670512232526
-1.4201589582149796, 2.077118711899974, 0.5408525071713858
-1.3801763631170938, 2.0382121503147728, 0.42651583032958906
-1.38694644308774, 2.0708251809791336, 0.39357837623834724
-1.4107459970404623, 2.0344339355817582, 0.45190316028620675
-1.4338618423855527, 2.1244125409813357, 0.4266331731912139
-1.4464541914950217, 2.0418693818393843, 0.4954596290930693
-1.419382823654659, 2.0911010779146695, 0.49211330980437146
-1.4431123419985248, 2.058228475840024, 0.45575412379087266
-1.3867044028992592, 2.110325276676627, 0.42280899835747027
-1.4420242227495517, 2.0464481915150676, 0.4549593822424868
-1.3188888088564357, 2.0938412347255415, 0.49114541009908164
-1.3678176452538633, 2.0530948942995937, 0.42030077074025785
-1.3362489809085942, 2.0102447287747545, 0.46373590017224237
-1.422957193298481, 2.042425850879794, 0.47300758689158456
-1.3549574713406012, 2.0835123848092736, 0.47708632112467686
-1.4734328419148432, 2.037558385369158, 0.47019310865982067
-1.3661582827937018, 2.063269189387379, 0.4876627391482077
-1.4035096483168572, 2.169140831357757, 0.43715825270041603
-1.2597775361038368, 2.0635798325219454, 0.5065684571548359
-1.407563501616163, 2.0690011268437076, 0.5218826717744371
-1.4461216535870123, 2.1104885218100415, 0.4775383842480296
-1.4559724179403402, 2.088520017429037, 0.44068247586136144
-1.3820990889928653, 2.024702591939496, 0.5170978960779635
-1.4400135924298345, 2.005456920745752, 0.4504007453054854
-1.396052785468949, 2.131777117785739, 0.4506214361748183
-1.4449728585911703, 2.0150668368948326, 0.47473676010148314
-1.3852166587958623, 2.0636526714496206, 0.47927095827065547
-1.4588574466097213, 2.012570713582683, 0.45893959196628786
-1.428648771352211, 2.1374516818113305, 0.4742719362260357
-1.4564207865142942, 2.0686509034718994, 0.5001058444400648
-1.364714730451905, 2.0855401104704723, 0.4724055663799555
-1.478252956662842, 2.0635009756944482, 0.4745984049666666
-1.4410283274103977, 2.0002346196789116, 0.44944720114464426
-1.449359297127402, 2.089730491402784, 0.4571304052217484
-1.4302766712123187, 2.0982100250773366, 0.49725503391973097
-1.3823102455656096, 2.0838146282469454, 0.5004578272101349
-1.4393616796603022, 2.0063333400443124, 0.4600509686603742
-1.5061722187297892, 2.0823106661967277, 0.44468152818241213
-1.449569175478599, 2.0898673409495645, 0.4794245713085268
-1.4476097939576806, 2.041952470773074, 0.45585458641353827
-1.3667322819542456, 2.0253107157471844, 0.42396404701995277
-1.4410030477506002, 2.0587687233406355, 0.45407671320197346
-1.4284374455279116, 2.0239702879377037, 0.4596251680615972
-1.3260540434039214, 2.089619014643065, 0.4475770354006085
-1.4346858174152004, 1.9782285443406384, 0.4790427713207765
-1.394444996090255, 2.138643462904767, 0.479095151721703
-1.441065503417981, 2.1095352993783263, 0.46700916388630836
-1.395644013181561, 2.0883579451246543, 0.5065988219819002
-1.3657593163243127, 2.1155602154694293, 0.4893921375868265
-1.4589852405775126, 2.0812708244831173, 0.395791522588722
-1.4353610540957966, 2.073325583487594, 0.5049476999527724
-1.3091019688421563, 2.124176212845635, 0.5019842158158111
-1.4037633946237313, 2.0652136331946, 0.43297718982278793
-1.521793013981074, 2.093878671461466, 0.4743381976778162
-1.363133441688941, 2.1414319013736844, 0.4529270055630158
-1.5030427191178015, 2.0357141665520326, 0.46331126326641087
-1.4846171109602646, 2.062906529012512, 0.4513425171772902
-1.3527688934665378, 2.0602457562942162, 0.4664014535255529
-1.458809986810007, 2.1054773312975716, 0.4792207085096001
-1.3599250334834725, 2.0860286882641037, 0.4178588894316547
-1.4947821118349724, 2.119621055912755, 0.4630129006145108
-1.450886581211742, 2.0895773253475727, 0.4854678364686353
-1.4831153579966652, 1.9656497293702264, 0.4522725138671573
-1.4505776286880645, 1.9881052399705499, 0.4550687700828816
-1.426294697006825, 2.0643649812410354, 0.46249199173964234
-1.4568214004713327, 2.0643601183773956, 0.4724643718889823
-1.4713870108224794, 2.1499299971187935, 0.43319186585069397
-1.4061272685518036, 2.073936134695499, 0.4823655964140938
-1.438974283227685, 2.117402794005092, 0.4303143767625599
-1.4340619410787079, 2.0720410244363214, 0.4422195110785223
-1.4700880063204, 2.092329585124542, 0.49623887949734946
-1.4192117280911378, 2.0724088062001824, 0.47516895613038634
-1.4890339564698762, 2.0359241947488735, 0.48485627484146826
-1.400537678930494, 1.9828518945597782, 0.508938641712632
-1.4260116376926941, 2.117359392906533, 0.4474539761201992
-1.47565853330567, 2.077661052004141, 0.45213937398659865
-1.4299409167576926, 2.0925096205476468, 0.5073746721099994
-1.4286516550081794, 2.0280651171111725, 0.4467645220258065
-1.3801172127663959, 2.0380857876663323, 0.4236905822190193
-1.4633706082658322, 2.104520200912928, 0.4198949529436753
-1.3683556208412493, 2.0761184895770555, 0.46496713943368206
-1.4733109474630988, 1.9950189420378228, 0.41796007000966523
-1.405367752856514, 2.09499992410995, 0.45607064993022495
-1.4750182151304891, 2.0191227819822557, 0.4833606326686044
-1.4689374961964723, 2.0681791299052334, 0.4281857926049169
-1.3611224897684369, 2.0694392131153636, 0.5042082364190342
-1.524976615104631, 2.1723506759532234, 0.5275444661812648
-1.4934931865254915, 2.0820855915974543, 0.4370948365944949
-1.4530848520787325, 2.062612873556453, 0.45398317358253104
-1.4536599534335433, 2.1056043022976145, 0.4305832243120444
-1.3645660307545182, 2.1681691837859813, 0.4988203706035936
-1.399284424762579, 2.077360013419891, 0.4465352027275883
-1.4707905165023223, 1.9857492663762801, 0.5036846965882853
-1.443273654025968, 2.05073061138156, 0.4843066458106327
-1.422798885116541, 2.1343166475998836, 0.4480325459950886
-1.4830696655929245, 2.0974860692746597, 0.5089145517798548
-1.3709392616217329, 2.031309651543984, 0.44613826248141014
-1.4406766403135043, 2.1505837706562794, 0.4411881315662051
-1.4694467407159202, 1.952320628759972, 0.4911555909662112
-1.388918314042678, 2.0047115520680787, 0.4982453876454552
-1.4948572277701988, 2.0670435712420194, 0.48353540100650366
-1.4910219014001211, 2.08355710018682, 0.44565566077664154
-1.449806742820009, 2.1209768174490686, 0.48869236998181953
-1.4294635458044744, 2.1025646728225773, 0.4454709120248938
-1.354275168609005, 2.032379875983171, 0.4558549019345493
-1.407678816311437, 2.007934253073123, 0.4937042621550663
-1.367914735031731, 2.100704981143711, 0.5124664383712592
-1.4019104528502684, 1.998341339685692, 0.5109672756178791
-1.3976382566581902, 2.0357143444638948, 0.542346845134977
-1.4153851680430105, 2.12882347460644, 0.5232928723113484
-1.4063284215078125, 2.073928908112669, 0.44907429814226135
-1.4351384947726618, 2.0304357735711327, 0.517920210143281
-1.420601615844831, 2.0490581026418604, 0.4891392803066766
-1.4620741372783495, 2.095386454710476, 0.46718336538210314
-1.4586128789479242, 2.115688124189901, 0.4877267236944801
-1.3662693720016224, 2.0889568563009417, 0.4358528874198789
-1.431674374866501, 1.9983457820581063, 0.44745493130866437
-1.3856100672170493, 2.0903513055986025, 0.49492539949154934
-1.4545481650457717, 2.082533601225344, 0.4788225860818537
-1.4308028685761847, 2.211363034675198, 0.44858813274066284
-1.447905633152283, 2.0749467142859506, 0.426990394040137
-1.3730786839547349, 2.1273607109098776, 0.4461092990135721
-1.3292891870321535, 2.055973549592261, 0.4848880677455528
-1.4687162614120668, 2.059580274544564, 0.45548779194153804
-1.4199616413529481, 1.9587389765164804, 0.4672333250285984
-1.4507669359189963, 2.0341326693130486, 0.49654171894848065
-1.3695700901148538, 2.051712551592218, 0.49257946094385247
-1.4493388779010719, 2.0440088258909626, 0.50639485212202
-1.4199011291231272, 2.1296347440059966, 0.4549624247487858
-1.4040942109287422, 2.0284719067594468, 0.46003253928139554
-1.5303641827607872, 2.117701907669485, 0.4325118599440248
-1.3478139283503299, 1.9308839393416402, 0.48409518440726346
-1.4278266744571309, 2.031832602041143, 0.43195377918040934
-1.3300517512542198, 2.090082871754556, 0.44049279297385635
-1.4172179817813169, 2.078168115024766, 0.4919925068701944
-1.392381700543544, 2.0621657803479545, 0.500140985651448
-1.456889189186812, 2.0076559460641654, 0.4384308551923595
-1.5034553408464566, 2.0404351550650333, 0.44310916554947943
-1.3943779709357846, 2.055657704535045, 0.45463075234364714
-1.427324893872052, 2.045839035799426, 0.5334764329990455
-1.4048828576528631, 2.047138932800572, 0.45328249775626517
-1.4112558847372476, 2.0088054729317832, 0.4713337502894019
-1.4660996431030853, 2.0976736067341224, 0.4126172288714474
-1.414758578723179, 2.171699942248298, 0.4853906424490893
-1.45666234792693, 2.112531540263039, 0.41890591459148224
-1.4825354297257927, 2.102853877859362, 0.4723356160533183
-1.4164220281078597, 2.107268795606652, 0.4538221478804092
-1.4670389616003787, 2.031691024542866, 0.4490680125042829
-1.4188495840873512, 2.106036406832371, 0.4663094849377358
-1.374441888018071, 2.00720861321659, 0.44011265357511425
-1.4259424225323287, 2.0827641596416906, 0.47999997156929997
-1.3407300668671238, 2.140482585585466, 0.43526344011663837
-1.4059765915291562, 2.1361828468666086, 0.5535022232225737
-1.4197710035669684, 2.098014841965703, 0.534531011427085
-1.410613105269071, 2.077501036725796, 0.4841404746269479
-1.4198027964357105, 2.119208331479089, 0.47723625732983393
-1.3800179283895386, 2.1027786001728344, 0.45302603710926304
-1.4161404698794957, 2.032832848572845, 0.406734034606166
-1.4122912204107971, 2.081322122926976, 0.45686277648540996
-1.3908878329067962, 2.1696655924602277, 0.4561732016983596
-1.461274969078984, 2.0876813561686176, 0.4284647209978297
-1.404331508777728, 2.059780125517726, 0.43369177124567654
-1.4150666131821836, 2.1158553124209623, 0.4500685818809338
-1.4529505524255804, 2.0278416022519123, 0.4695905632353501
-1.4983775226214469, 1.9818539118128466, 0.4457994582382265
-1.439585580326401, 2.081219982742358, 0.47879169233367946
-1.4050991472864396, 2.102743500276655, 0.47474655472262806
-1.3833246811008584, 2.1114044856797856, 0.4712197466677285
-1.381579561486919, 2.1245810027680148, 0.4998561389991152
-1.426965149192018, 2.0822798871405874, 0.42976255556319204
-1.398664210886965, 2.0891905272454863, 0.42283091201735756
-1.4394664069120942, 2.0409773613660427, 0.4867926508108497
-1.3721945839011496, 2.05256740707979, 0.4454141582750924
-1.4688286289118369, 2.0172197752756693, 0.4485279517036121
-1.4844705105136429, 2.0353424803278317, 0.47782289733090966
-1.4050190792221513, 1.9829372823707956, 0.4113995803695046
-1.4403219417377933, 2.053415194435403, 0.5009458050438492
-1.4317855531548906, 2.0172495629123968, 0.4402436947215846
-1.3925692560465626, 2.0814746779834503, 0.4251444591220941
-1.448987784304527, 2.0214495556914094, 0.42612452564560627
-1.373040986863674, 2.0277608558251154, 0.5021993203751985
-1.3823188530316723, 2.0268518489083256, 0.44443125592419325
-1.3535462289904734, 2.0176031143730437, 0.4803363440122273
-1.3672107251874135, 2.089118192138189, 0.46836752048885266
-1.4007863711459965, 2.177537144460278, 0.4602873614440378
-1.3948709738680565, 2.061678814028446, 0.44708848550501257
-1.436303154944846, 2.047889888723872, 0.46277986480018657
-1.3823506677620503, 2.1371228126068194, 0.46842238243777395
-1.4534360873890864, 2.107841237097941, 0.5161749780482707
-1.4026634955826651, 2.0807533187555443, 0.5038166227444928
-1.4526902600100717, 2.038781630172398, 0.4601231292546327
-1.398107017547249, 2.1290740985371386, 0.5084265436469297
-1.3304487212853624, 2.0687109246334785, 0.5210724307740533
-1.3664750355672142, 2.052040755171445, 0.4440079269187192
-1.4216849139828647, 2.137692463546659, 0.535769238191236
-1.4328719461607622, 2.092482383684398, 0.41627150843317023
-1.483665806405694, 2.1324113108512863, 0.44099361311141616
-1.37293246116609, 2.104965965728128, 0.4843750682044541
-1.3741796475990198, 2.095975836260463, 0.44632461239781
-1.479502359279561, 2.0658915170324796, 0.4798496657498633
-1.3421252819714145, 2.0217440763908203, 0.525387372371912
-1.4548303030427892, 2.052815950829784, 0.4889405983198194
-1.402261390303767, 2.132033209060419, 0.4538953224292479
-1.357622457583122, 2.1079478464233774, 0.4386400032893337
-1.4283038780199862, 1.997829823180963, 0.48028369679700855
-1.3939018029660424, 2.0529001968191594, 0.43337664933436604
-1.425033493223059, 2.1505731935226824, 0.45421631182610694
-1.4257461563175071, 1.9947444785679058, 0.46549914022722383
-1.407161167632747, 2.0724873086245514, 0.4822870804995031
-1.456532960850886, 2.0563289566078256, 0.5141400559698289
-1.3767537073326086, 1.9989527943942054, 0.5276106658676415
-1.4318700472054946, 2.134095055812601, 0.4606006527682987
-1.4339753333446668, 2.0974613240665527, 0.4813589157093286
-1.4244861812958365, 2.0209212765363853, 0.4618776934633737
-1.3827606674052195, 1.9733037984908253, 0.5002311607871165
-1.315675865071553, 1.9373826464366575, 0.49883441149381325
-1.465950234052344, 1.9972243936287084, 0.5007853200282307
-1.4224673686226241, 1.991556912622149, 0.5062347776563818
-1.391617501471075, 2.0805111391390545, 0.4686161498135643
-1.4701504258298181, 2.075574915133404, 0.46111376930212483
-1.526223027151992, 1.987398594022864, 0.42902802567795756
-1.4924504614291352, 2.04121774697504, 0.5503206050925906
-1.4854090099067983, 2.002345210744178, 0.4434359797411334
-1.5306285337531391, 2.006452919609846, 0.49565689861717327
-1.315494524272331, 2.0520793977870193, 0.47300278063098194
-1.418206251152673, 2.0092790169220027, 0.5250234384594324
-1.4390935642958793, 2.055744227333954, 0.49980234198743945
-1.4169069467062956, 1.9977030384382517, 0.4736301111742669
-1.3891182667250923, 2.1030406262826795, 0.4511975448740122
-1.3977009239573979, 2.10854120651201, 0.44688272452678074
-1.4167023189801564, 2.0554432459287604, 0.45721645269507166
-1.4383280611727132, 2.0842265298074385, 0.4787446862779842
-1.455660780740904, 2.119445674049056, 0.44060397188227557
-1.5048150183769042, 2.062580133977706, 0.49295475765790103
-1.3755553962731712, 2.092532169310826, 0.47505956320746784
-1.4916581524051562, 2.1714939229497134, 0.47478102267033906
-1.5082216431327113, 2.0162398299241198, 0.4658394116536513
-1.4230475320699607, 2.1201208609988424, 0.5000769146232092
-1.4127823930002028, 2.1120931228615585, 0.43270131264321987
-1.4530934968982194, 2.1379761673026367, 0.47524977412740277
-1.3861746544732942, 2.0780477594185913, 0.45220750460284237
-1.4165412733300435, 2.0790360044551406, 0.42108087199133476
-1.3662818946091, 2.0292281011898097, 0.42468087828649387
-1.3973856296965714, 2.1466172489731887, 0.5090856383256862
-1.516810229049428, 2.152580614177884, 0.41812301495409415
-1.4364090575603292, 2.0821793219065126, 0.4561818313291933
-1.4221887994594389, 2.0858370917129823, 0.49721899399131747
-1.4136211924407607, 2.184155364841665, 0.4864545377413103
-1.436526139938545, 2.0147470782924364, 0.5023949212364113
-1.3626536221661598, 2.041482520383986, 0.46925878466721926
-1.45206161581374, 2.076368380671665, 0.45746388211721917
-1.477253660027567, 2.1010657492470024, 0.4916281968234677
-1.3714212757339963, 2.081244458690342, 0.49459820659304743
-1.467063141853385, 2.049298281390276, 0.4271424283645693
-1.3889471345608122, 2.0436794056454284, 0.4641537320474215
-1.4452954486187595, 2.069873919862469, 0.4057411247825495
-1.4111931231373485, 1.9894704016254994, 0.46112243004654074
-1.3724072669757463, 2.0462055001023547, 0.45946164043711424
-1.334154541498643, 2.069888117689737, 0.4675021803388709
-1.510563466319152, 2.0154755430478692, 0.46555778788303354
-1.4412430583671383, 2.0951399526912686, 0.4762373986570227
-1.4561079313317318, 1.9546219119522452, 0.45154740580056457
-1.506276324586282, 2.0868373152675095, 0.4789923552104251
-1.3145437131925064, 2.0428433098984295, 0.46096769077007727
-1.4743783686641736, 2.142204806462203, 0.42729400582395677
-1.398321399974167, 2.096949872470302, 0.4068958485169521
-1.5121795597860355, 2.068032703707187, 0.49438979796447036
-1.4327652024360007, 2.142403004729897, 0.5266512516571368
-1.4294126746216909, 2.0840090786317695, 0.40875019247777145
-1.4034035810284562, 2.053302711566672, 0.46783101842674923
-1.362051446839464, 2.02200318534203, 0.48214665299659354
-1.4683724740656405, 2.0721402506780877, 0.40766765458350385
-1.4805989592737712, 2.093261191268298, 0.48684437830513416
-1.4081523268157379, 2.0614275693480453, 0.4752029641789288
-1.4683215360725443, 2.0537651469346723, 0.4479850994293222
-1.3737332600125363, 2.175849425933104, 0.5036587964047766
-1.4865497160986976, 2.057448914290394, 0.5168495827897431
-1.472497605727602, 2.1393341203993845, 0.5120187955832226
-1.42190021949604, 2.09402588759522, 0.4404086056209671
-1.4600245610230875, 2.013088208028679, 0.4714718472235357
-1.424721923522131, 2.0966875915039234, 0.5106386048145514
-1.442630833747795, 2.152807595762887, 0.4135612226057422
-1.3156676378359036, 2.1117011915684674, 0.4062207434358582
-1.4643977657256568, 2.079396924915288, 0.4455338508103934
-1.4686977853731886, 2.126525588862237, 0.45282354875008024
-1.4108058147925338, 2.08838621461915, 0.41763110146245913
-1.3306896071500962, 2.1249343144471284, 0.43989560700622754
-1.4869759235946576, 2.0216604571935313, 0.4963255285705441
-1.4566163986389884, 2.1760733399146988, 0.583224933459391
-1.4294463180343704, 2.1131645954443803, 0.49412097080544054
-1.4158906811245204, 2.139605500885317, 0.4859615716848951
-1.4120616839221807, 2.0252930976012458, 0.4743920527556667
-1.3422374764774625, 2.085059153139555, 0.4328245653233201
-1.4246183971201867, 2.049374191834363, 0.4967761633437213
-1.5136922514811557, 2.114740873994804, 0.5133482305308141
-1.439447484602388, 2.055715560703497, 0.45460477101400737
-1.419284029136527, 2.0946289698814144, 0.47074447649374473
-1.4239668242454981, 2.1114359014796507, 0.4796919709010132
-1.316315415462115, 2.1269493292827715, 0.4939733764939138
-1.4165353876830657, 2.0765714787392904, 0.4811352931663103
-1.43997507648694, 2.0904424477721157, 0.4861737714045393
-1.4232877307268774, 2.1176204696413183, 0.4870559159524938
-1.3802132333793975, 1.9522784437816867, 0.4742136523574382
-1.466807365832063, 2.1359633171374357, 0.47892533665771625
-1.4779853730449788, 2.0448075663536422, 0.45008026292879605
-1.479068157013277, 2.096886871417149, 0.4503715631339922
-1.4474560821768958, 2.0886960907519283, 0.48048831880022086
-1.468446643925572, 2.1419014975568134, 0.4345733262571234
-1.4572685340296332, 2.117517375126124, 0.5189949392620733
-1.4263326532038203, 2.1041567676075097, 0.4615246571415987
-1.4347283929131185, 2.016253025318568, 0.4544365346678853
-1.4159110898925698, 2.0600839554280386, 0.4553907158207198
-1.4436042962877202, 2.0422682199605022, 0.4225889124307846
-1.3919583314035897, 2.0974022901656357, 0.47578509436010924
-1.4198752506248646, 2.0756110524550966, 0.4235573690422043
-1.3306164389720379, 2.147427426301782, 0.4854058479827118
-1.3610103245359604, 2.047235845490848, 0.4738184474197969
-1.3341824588407116, 2.0629294662851367, 0.49701816140564087
-1.333916034157848, 2.022191379558496, 0.4797301155994514
-1.441324289990654, 2.1101556978755713, 0.45737938232588504
-1.3611321874002944, 1.9722814063129648, 0.4148628072203758
-1.360855956324321, 2.102474455655014, 0.44298272185793536
-1.4539469690127849, 2.11553094914298, 0.46196701436197907
-1.445076375832084, 2.165296292653203, 0.42513342912926017
-1.3653775668489252, 2.0405336656166533, 0.45478132478909683
-1.457926383097693, 2.0563888770496384, 0.42418566012929426
-1.356276625275952, 2.032157285821783, 0.4569339911768532
-1.4441166803688608, 2.085857709326512, 0.431399061989408
-1.4385060572258705, 2.1066072655989636, 0.4530192224964591
-1.416590778100836, 2.131941232997747, 0.47898279361624824
-1.3193786902879203, 2.141316539025033, 0.45695216324375354
-1.388214449812524, 2.0831011602080105, 0.4889357612458394
-1.4155449957185293, 2.1269828165957936, 0.4921035562047693
-1.457646649889646, 2.0530141627260075, 0.44638497681357486
-1.434800535013886, 2.000845279291136, 0.47271913195318993
-1.4056514703139094, 2.1427731897132545, 0.49476250501949953
-1.4870240207732879, 1.9989801220457426, 0.5398463897925024
-1.3409221165374754, 2.066431186600303, 0.5105295768164516
-1.3272635648000346, 2.0921657976435233, 0.4355803338013559
-1.4285166734942523, 2.045627423854555, 0.4473819018567333
-1.4291811120050733, 2.071277558655505, 0.45880074354496725
-1.4637415273617735, 2.0521953699189184, 0.4710683504541206
-1.4652784082795498, 2.107101365567368, 0.48032474961534266
-1.4947066875900137, 1.9849242249737324, 0.46024554473676893
-1.352304067903615, 2.0813875987658483, 0.44862931441023296
-1.448794529508469, 2.048038086813293, 0.44168364569370994
-1.4023138046089376, 2.0493689821310865, 0.48246606077994303
-1.3258013140235858, 1.9897710287313437, 0.47086900932611
-1.4688342098829654, 2.2004875102701176, 0.44671674864087174
-1.4880397250942132, 2.01314431690321, 0.5247177340984396
-1.4632200499182269, 2.0869347188736405, 0.5771699096175087
-1.4554251613367084, 2.110505275671489, 0.47166861415342515
-1.3879631875732192, 2.127689408121187, 0.5191174135081357
-1.3628540042880257, 2.0741084158872356, 0.44093947773954617
-1.4485719502602137, 2.1193646018241807, 0.49166659226084464
-1.4871891052275865, 2.116295217457759, 0.4709988073545275
-1.4674900073043873, 2.0983865084095803, 0.4416029950997166
-1.414787009637837, 2.070723950171576, 0.432250476776941
-1.4963292429968345, 2.0712432570463326, 0.4848790907945839
-1.4405780509693475, 2.0649760830681188, 0.44121078797549906
-1.4847238631614705, 2.0390162996967427, 0.5044060681411174
-1.4635362257603783, 2.0896561588639773, 0.4737552243368937
-1.4212355308738105, 2.1170486845446157, 0.4171739598809904
-1.4070090037889642, 2.051900559541761, 0.4444753995516113
-1.3670188547029678, 2.022597640133474, 0.46282448918746233
-1.344857300162721, 2.0639995620989255, 0.4986802687015276
-1.474985049638572, 2.1040429787107495, 0.48705123101405945
-1.5206920205688013, 2.067407244118159, 0.4558770293902591
-1.3499209592699326, 2.059727334962994, 0.4861932169299034
-1.4084952705972587, 2.075240725475103, 0.44951396222778406
-1.4716348653675122, 2.0696676132063883, 0.466159216549553
-1.4286178337573887, 2.0394885187012606, 0.517198382323119
-1.4280465497957737, 2.0788069624891037, 0.4835824288728342
-1.345248436346822, 2.04553071752981, 0.5130984517566077
-1.5057811393448577, 2.063719322161351, 0.47420927498329263
-1.455802793386884, 2.084044785377504, 0.472670569232046
-1.3968300944331022, 2.016949305502895, 0.4347469376905028
-1.3803118710053894, 2.034143952708736, 0.4937809951736717
-1.3235393794400172, 2.1139330264916656, 0.4807798314651905
-1.3616339130509552, 2.12776600434919, 0.4558787502648575
-1.41614321299578, 1.975555093853305, 0.43434891552945165
-1.525355700079716, 2.0522030776517366, 0.5615837226428633
-1.4370658239653915, 2.1033152657994303, 0.479519721963682
-1.4282666984447978, 2.072220615923758, 0.4541019224289486
-1.430331405064117, 2.127569567270519, 0.4979293963482746
-1.3634894272587061, 2.0956056207191596, 0.5129162412931622
-1.3824929467706728, 2.1184210365869935, 0.4719619375331116
-1.4431625531849377, 2.125032486253053, 0.4831703498349328
-1.4613249367186856, 2.0246714646619455, 0.47440602749725314
-1.4152435178325862, 2.053481282962189, 0.4391522462533078
-1.3884285413556525, 2.1839398830847583, 0.48036860444376084
-1.4905186899667788, 2.118982550299905, 0.4616933580310283
-1.4752425217931706, 2.089411868294292, 0.4545344377617273
-1.4218228931503423, 2.059851597593503, 0.4419405631455865
-1.4315628651797274, 2.042564820512759, 0.5036277585302089
-1.4162205160133445, 2.063056001656947, 0.4589349669666319
-1.433771992305386, 2.03036608256935, 0.4187420006609851
-1.4210984976441818, 2.0202019927681705, 0.41808955496002265
-1.3701889279137245, 2.1252740933818295, 0.48638477974257693
-1.4042989077514965, 2.205068444448968, 0.46449705981393696
-1.4121602693865818, 2.0205828196338693, 0.4214189900151194
-1.485394602486437, 2.0984768426557894, 0.45640151112392074
-1.5228765600563376, 2.063236800684693, 0.41334354750416685
-1.3409862961823737, 2.0646331768252986, 0.4753034781044919
-1.4569698037016166, 2.067419532163459, 0.474082024782279
-1.5039687058135502, 2.054470916156506, 0.4272994702632912
-1.4862945680880162, 2.062550132634145, 0.4999786047956491
-1.4414107284997466, 2.188830426045377, 0.47899591667835434
-1.4598264498426103, 2.006511296189579, 0.4774141396037489
-1.474478723041661, 2.145505209049353, 0.5181498950664983
-1.4928750958184724, 2.055965215052697, 0.46307244605067027
-1.5082483203750041, 2.0932156395614783, 0.5171721448250398
-1.4074592189903543, 2.110373256107821, 0.4695928465478847
-1.4100677169991804, 2.04985427218867, 0.44830207720176896
-1.3986160070372302, 2.0998128421040283, 0.4625732390971072
-1.389248797532669, 2.021137972258124, 0.47826970411715863
-1.424809100471454, 2.1036573856114744, 0.44988441867815676
-1.3975857916948211, 2.157008860740888, 0.41828943039380834
-1.448849243090814, 2.1524397240362805, 0.5060275710639657
-1.3801794328967854, 2.118594206713212, 0.4194935910943541
-1.4705439866981052, 2.0061842090530315, 0.493321867411921
-1.4001646995727794, 2.089754959507435, 0.4513927784606002
-1.4500049361875413, 2.0393196405550253, 0.5545784360012967
-1.403817054731637, 1.965436434284621, 0.4888648976953586
-1.4742536254858019, 2.0860545976780855, 0.44964172443380584
-1.4514318347130866, 1.983643903453318, 0.4818547407502528
-1.4313356915878495, 2.031494709869934, 0.5121167962729144
-1.390879331104633, 1.9893347488652608, 0.4711221576290132
-1.4633859032238739, 2.049821509383701, 0.45664353157303816
-1.442450794671698, 2.110374547712822, 0.43408936464659126
-1.3654531560554874, 2.1221665737640003, 0.5181950986878109
-1.420627399748522, 2.011841352294094, 0.48196804613704797
-1.452312587118291, 2.109381163247418, 0.4379695328710757
-1.460835009476671, 2.0517948217009057, 0.4529350320406772
-1.4637223389725977, 2.015071150083192, 0.47875538577065024
-1.4447756078196012, 2.0944576284545318, 0.4276238589423606
-1.489252237739722, 2.0678472374718893, 0.5010663344581077
-1.4488318832363891, 2.0272224628760482, 0.4466518010615171
-1.4606767606548914, 2.076927241034072, 0.47804077640286596
-1.4722936315353659, 2.0772904799925196, 0.45709215408810516
-1.3880627901062255, 2.0095511999606863, 0.45498085581821546
-1.410545242610854, 2.168357240173112, 0.47119355228462306
-1.435807819624071, 2.138273790760402, 0.44746107630225884
-1.403886349685535, 2.079021895252006, 0.49916751395209147
-1.49830216640466, 2.1288371379637496, 0.48694349097857276
-1.4346767584117524, 2.073521591533858, 0.46402887448823354
-1.379947529763529, 2.055793134370783, 0.4656667113300676
-1.465844422829209, 2.1107845119479944, 0.5093994190985288
-1.4959640681278343, 2.0952664940949957, 0.4898540644470464
-1.343964917030049, 2.096569304003892, 0.4525184582596949
-1.4063686584076711, 2.076992912146778, 0.4628060599513383
-1.4905061168518838, 2.032810534626087, 0.5233660244639481
-1.3858375567454237, 1.9872594846381393, 0.48136145989634566
-1.4664375713364848, 2.106565213975662, 0.41501269983384975
-1.463208322795018, 2.0790312207282113, 0.4412644727817098
-1.4985089244029735, 2.0439415541089474, 0.46893080483404564
-1.3800461377449722, 2.153992156959563, 0.46854738312186545
-1.4236286607408009, 2.012168247494259, 0.5321891097245776
-1.435307736461452, 2.0035890719317657, 0.46098129544812794
-1.4156945818022946, 1.9932573873842918, 0.4482811648623375
-1.4490996664832292, 2.0542656721692314, 0.45715547715893573
-1.4199851625880955, 2.0788808356468627, 0.46918048492317155
-1.3748830587237981, 1.9879243489455478, 0.5084140545752093
-1.4621756807080497, 2.201369174317119, 0.434758163103065
-1.4867549934185267, 2.020213188198054, 0.4773007961730186
-1.420233537645549, 2.041966786407122, 0.4785433263939697
-1.4857142506056518, 2.1189921956164683, 0.457585642543192
-1.439800501158589, 2.1121812793592682, 0.4345411190325146
-1.4004440390316675, 2.0714079839008894, 0.4350782836917092
-1.4347602375143296, 2.0924088515867076, 0.4256384699761354
-1.3501193702894727, 2.0146112668271976, 0.5049660637815183
-1.4363254511293766, 2.060297548235512, 0.5167030217228666
-1.4247386200386907, 2.0271243801652417, 0.44312312152429406
-1.4055293135718547, 2.038167245901365, 0.4637465394304752
-1.4387537321319739, 2.0888979535237047, 0.4813686684581492
-1.4367323653300548, 2.0744662353740346, 0.44657716055008706
-1.4519661598115516, 2.181874209088264, 0.48073084807377386
-1.4488223162925205, 2.1531373287129156, 0.4886577674780935
-1.5017217751000302, 2.005835624442965, 0.5054013290150609
-1.40068440277488, 2.143108975293936, 0.45750030179627377
-1.3101745383011576, 2.0460340016085095, 0.4833101643402945
-1.4738027561168257, 2.0524272649906052, 0.4808419347620504
-1.460706594423746, 2.117487600815538, 0.4892185860347741
-1.3893492589212557, 2.0882381458297012, 0.5163012553286964
-1.3642443197650376, 2.097753210306533, 0.503376983737234
-1.3797844445746175, 2.1095746128218438, 0.49346404992416815
-1.3989710578338403, 2.041103973898233, 0.43396241542067215
-1.5263595670081964, 2.1797549553736943, 0.4388405652432174
-1.3941642154083742, 2.1499519966980523, 0.4685907821411778
-1.4136320655265966, 2.046006007523588, 0.44992555832202613
-1.3986185217827543, 2.1440556012740606, 0.46119286708908164
-1.4561875106125068, 2.1469194664739195, 0.4673037993977149
-1.4271891863322446, 2.1023679123758363, 0.5208718726055198
-1.3581391145788735, 2.161621776726058, 0.4827996907023715
-1.4149371093891876, 2.14788907113262, 0.47875612526853223
-1.3314344301392809, 2.062644026294707, 0.4445410127424975
-1.4595432000202284, 2.106702570499177, 0.5066195319664476
-1.4458923538410915, 2.111510725238662, 0.46595720792483764
-1.42161195719456, 2.0308924804992476, 0.4561633174808872
-1.3728182499707209, 2.0094146768521064, 0.5295206864758227
-1.3843470469248662, 2.0084364918406803, 0.49322096701656437
-1.4100338346354007, 2.1664699928611295, 0.43301623078200047
-1.476652401987479, 2.089856295207315, 0.469608719129602
-1.507910714974863, 2.158159267826217, 0.5281327201322873
-1.4235083481857416, 2.1905299848879087, 0.5248001941333696
-1.474063927570943, 2.0585046031301935, 0.4290226491350684
-1.4092670832355256, 2.0556609456158252, 0.40030086051040364
-1.4441494533552526, 2.149306938110891, 0.4739219828684416
-1.2557570517548609, 2.1400253227577593, 0.5050483948857666
-1.478066408306729, 2.054073790257402, 0.48121479315517596
-1.4889715345155683, 2.0315914049700714, 0.42276349519667683
-1.4441538002776142, 1.982594521644797, 0.513981248807767
-1.3631354174552297, 2.068989955022955, 0.44792994665901176
-1.4206903571762557, 1.9709950480519183, 0.4939367640477425
-1.4553505891776695, 1.9744463510299077, 0.4850459529580793
-1.4910290393527448, 2.031898980587559, 0.511389058519237
-1.40865915761517, 2.075478305484405, 0.4591225512417518
-1.3575943323999922, 2.09511467216391, 0.5133875214242504
-1.3789713069912373, 2.0523519105854366, 0.46166711985922537
-1.4544590244320386, 2.087717454660848, 0.5177600242175314
-1.4715955557062674, 2.0539177649228986, 0.4455510474867164
-1.404561203384417, 2.1435974280924572, 0.5073327925486991
-1.4053595198782771, 1.931236651712984, 0.5195544120301415
-1.4338427687537139, 2.0976218092912955, 0.5008884339813519
-1.413701428995484, 2.1016106012435247, 0.47671429667356857
-1.4862787032595906, 2.1216721029755736, 0.5136582450816055
-1.3687364997125973, 2.1761031161047226, 0.5289934995365051
-1.3674493882192889, 2.031082019796184, 0.46353814054625087
-1.4748785092504062, 2.070561445151371, 0.43846589865481245
-1.4513275193602813, 2.0045924766630847, 0.45892973045780694
-1.393834342395772, 2.0134961152942283, 0.4506995416873403
-1.425179130610548, 2.099234928483903, 0.47602333271580083
-1.3422726177109396, 2.074847574687961, 0.5033805666674505
-1.3071593901413063, 1.9960018187622197, 0.4547446011046905
-1.4040357630368496, 2.091560588876143, 0.4666484063957487
-1.3671878737921774, 2.112621524983564, 0.4717329936348427
-1.3718690122142283, 2.155058358544879, 0.4830033096593068
-1.4578625918796844, 2.071888847452698, 0.4460980949407083
-1.430973047318003, 2.0377385549334006, 0.4791469988226308
-1.3969344896973763, 2.108295693207525, 0.5140159441314215
-1.4036437148970469, 2.0990494650912375, 0.45405937636807153
-1.4175182692874997, 2.159240667880095, 0.46798298657719845
-1.4384377268757933, 2.081876120872163, 0.46581377872718405
-1.410909474038443, 2.038600557301415, 0.4751686657111022
-1.454041351624555, 2.0355540993699788, 0.47618305739146255
-1.4273152472224768, 2.0284672807287563, 0.4727266999892666
-1.4311276280620095, 2.028841988336614, 0.4518894221508411
-1.3828682182615184, 2.0224799776040405, 0.5111446265764207
-1.4843277222413236, 2.1117635159371915, 0.49395553444112145
-1.4174253397921213, 2.0634455006163073, 0.4582247660686412
-1.3998414006599993, 1.9918610321046262, 0.49340381101496267
-1.4134247768643124, 2.1698977914664446, 0.47766948876130877
-1.4196632720100304, 2.055307710196211, 0.545627583836939
-1.4561140971620907, 2.1108017793103713, 0.46372649398572785
-1.41489588790195, 2.0543825592173177, 0.435283124649492
-1.4252024113059787, 2.0247277857782118, 0.43658126068101566
-1.488648820615397, 2.0454582753333828, 0.47822603797836755
-1.4319807827108288, 2.0973317735758163, 0.505775428255676
-1.5293484733650222, 2.1128749655131616, 0.5072930035897718
-1.4850312007293902, 2.121139754607366, 0.47163613535580945
-1.4150607943701208, 2.0525758878299256, 0.46753271600075164
-1.4317082316311573, 2.1212110794889916, 0.4973966059444093
-1.418764913696475, 2.0826346217562444, 0.4783367981955154
-1.568715558646026, 2.106367383188124, 0.4811415785968219
-1.3872434963805769, 2.051632600067958, 0.44973809390108566
-1.3828090247503921, 2.056742134567586, 0.4155218641073766
-1.437010538426904, 1.980034221149056, 0.4689392814114455
-1.3470380592159308, 2.080821143282841, 0.5347428776349276
-1.431998290095657, 2.0896651595247544, 0.43815314454887394
-1.393338165766185, 2.0170744754501935, 0.46091164407531077
-1.390889873870052, 2.0702279866107207, 0.4469465374684356
-1.3672900565092858, 2.0833709997908842, 0.41788814424750365
-1.3883653298871137, 2.013627906944215, 0.49838328064873777
-1.4482628328448248, 2.1271506032075145, 0.43699630558967173
-1.3041038579513553, 2.1292934344695684, 0.5501946575600213
-1.4396970901748096, 2.043190287978983, 0.45833323674004267
-1.4246041200264001, 2.0443955421364075, 0.5063258708267984
-1.3285699589786413, 2.0914554774943914, 0.46632026548354305
-1.4330226383427673, 2.0492048366518643, 0.49527260279969837
-1.3652738223430794, 2.0468619341448635, 0.46276915301937727
-1.365706460316785, 2.1378339677341995, 0.48976359997493585
-1.4365265553171112, 2.0051613234839567, 0.4670623710626256
-1.4252674604988242, 2.1642620070367053, 0.5070458980112809
-1.4335281285834003, 1.9834153790073137, 0.5190096703299926
-1.4598809470601148, 2.1315821021775845, 0.46644407489843515
-1.3810856588052234, 2.0671232724907407, 0.4987170433900743
-1.3835037589049226, 2.065645399462488, 0.44248886912336044
-1.4970653693234428, 2.09007311865331, 0.43818009774030564
-1.4927776382323281, 2.0421858894180778, 0.42278164583831673
-1.383197000230978, 1.9907479463600664, 0.4809473560127332
-1.3812129828447415, 2.0496605096311233, 0.4697362749343829
-1.4229181785622602, 2.0626897258840096, 0.5127927904272879
-1.2966997933828341, 1.94676018854538, 0.5250775221142182
-1.4296525324953704, 2.0696064167232566, 0.463151391011926
-1.4799314305621916, 2.0204401024725875, 0.482691005166172
-1.4395589919942762, 2.129645504105788, 0.4643235896052065
-1.3250271004108607, 2.0333084753618906, 0.4611642333834595
-1.4675645741884182, 2.0266090370328187, 0.44620362304495126
-1.4669883830905859, 2.1135949667873253, 0.5155174272925844
-1.4397238112147928, 2.124501223874123, 0.45849364624225836
-1.4076417191305104, 2.0210806170610187, 0.38772477391504556
-1.4313872425688068, 2.075536040345047, 0.48260914996176685
-1.3979184794983424, 2.108381028613176, 0.4281690720911006
-1.5111788254551621, 2.028849214227086, 0.4981192556700685
-1.4819220253386374, 2.04583216736378, 0.49702345466074993
-1.4355509533855824, 2.1568392245827717, 0.48754326361122385
-1.3658244897174558, 2.0620206365624227, 0.4793351900703942
-1.494905661337004, 2.0454420476518616, 0.4682874802459578
-1.5002695533996648, 2.027164739887144, 0.5022297201722766
-1.4241440602630777, 2.1088090952828917, 0.47978656123223656
-1.4775001456742785, 2.071048714234957, 0.49019775096177426
-1.4092985625627952, 2.076037179094078, 0.4952309947619917
-1.4745499773547222, 2.0488690481472123, 0.49300043524082476
-1.37053614296708, 2.0941230076694013, 0.48559650138907384
-1.3487718993365774, 2.141991527602695, 0.46077857616979284
-1.4749111160769115, 2.0496285058157535, 0.4401125463254892
-1.3944580521836192, 2.0759547783808587, 0.4673587728835705
-1.429153719792404, 2.100611004486173, 0.438734751434561
-1.3216786344011866, 2.0795914152391832, 0.4580541691114106
-1.3079169474811767, 2.03591331825159, 0.44548154386165134
-1.3790758173025517, 2.1144842252220837, 0.41458261526717405
-1.3942686193697007, 2.052344744738956, 0.4854183641887428
-1.4231090098798882, 2.0607259562338385, 0.42843451071549987
-1.4860538379301542, 2.0638163858480536, 0.46003099697693506
-1.5032549390848207, 2.1599010024476732, 0.4987637952264498
-1.4707094055344803, 2.0999124859971348, 0.5033241588472286
-1.3738329273252652, 2.1024931559635682, 0.4268197796210053
-1.4170060746957982, 2.2211973642518807, 0.5482759841146454
-1.4169058827376206, 2.0348994693489155, 0.5144315981459696
-1.4396560646390726, 2.0357907197667315, 0.5112155292543961
-1.3880240550605127, 2.168789871150906, 0.44943524665796436
-1.3744930195271519, 2.0238195958213296, 0.4528161407477115
-1.411928780791805, 2.0215354021291345, 0.46087039896582865
-1.422669735743447, 2.1576029394919254, 0.4489088912386142
-1.4519610968903547, 2.074129421413251, 0.45551947707386553
-1.43379065415989, 2.0503692742402375, 0.49728925935213103
-1.3791196037178892, 2.109154687777039, 0.44568115557970983
-1.388871207776404, 2.0752484628255967, 0.5355118576413211
-1.3903031504192938, 2.0442508035752165, 0.4329114151294429
-1.4543688305870706, 2.0608242886581127, 0.5025170261629271
-1.417485859934804, 2.1072088255873505, 0.45097476257105484
-1.3462466242689255, 2.096088227003138, 0.4749224749552718
-1.4354422767107498, 2.0220455368694688, 0.4365487253334596
-1.3313861692268603, 2.02272863453397, 0.43131710747709173
-1.4673046036491235, 1.9942979187589847, 0.46954179156094145
-1.3601784255138891, 2.0834267985294654, 0.4115271752614711
-1.4285141202406104, 1.9706533311544479, 0.47851589830559493
-1.45836771092827, 2.0680871602896804, 0.5364316444269217
-1.4269087288071165, 2.035457294005833, 0.46224989668742894
-1.444939618175414, 1.9898480365465274, 0.49846203528671557
-1.387394268605913, 2.1304562059432364, 0.46227746175545387
-1.4465970614824517, 2.0202027616739313, 0.49240051251829736
-1.4367890504953698, 1.9884030463713764, 0.47455469637295583
-1.4403104236955961, 2.059442038091688, 0.45087849086052206
-1.3995982584776347, 2.0978314381896075, 0.4991136974886237
-1.3786241886418842, 2.0410524252254127, 0.5339427004631857
-1.3971531496756255, 2.101492322669364, 0.5078689419916839
-1.3788583676547894, 2.1183013148270775, 0.4515389138813793
-1.4704680239506747, 2.078914636158918, 0.40218126466666204
-1.3377925811061768, 2.0323177513211514, 0.4482613418558452
-1.4081245084096365, 2.100991212048996, 0.45727419006081926
-1.350827596102657, 2.095231212404981, 0.47024155469723483
-1.4222605051950596, 2.108213983068629, 0.41569668057528075
-1.3357347755486437, 2.0795412655613346, 0.43996812785058226
-1.3724607021759383, 2.1285518429540256, 0.4347839204099794
-1.4256079104550876, 2.085147599911012, 0.4579590600215398
-1.3790705245666524, 2.095292431161218, 0.4579103793789476
-1.4050021777410189, 2.1260334212986916, 0.44829190772788496
-1.4364206871290996, 2.0893111427445463, 0.464604846179902
-1.5169541431452602, 2.109789324988818, 0.45836050901063385
-1.3729526147905735, 2.1112930418910447, 0.4112591381300685
-1.5009803078833879, 2.1358170323585286, 0.43893889507868794
-1.4420313884898872, 2.047958755899081, 0.45153062957588025
-1.3721228372464882, 2.0211002125470534, 0.4574134819126815
-1.4261766376294371, 2.1104264237364, 0.5252276840514999
-1.407573096229986, 2.040488207294705, 0.454732317491212
-1.4525726796621847, 2.054248215862638, 0.4532531507974447
-1.5029892945105015, 2.0368696383488967, 0.47487563056347754
-1.434031161100845, 2.087075516357473, 0.4684614552632572
-1.390627445948231, 1.9923281034449678, 0.4583964572104758
-1.433595306594996, 2.0373579122585164, 0.4496814603763012
-1.410911725802952, 2.095698459913188, 0.4415358349298273
-1.4136783021548376, 2.0797136280431845, 0.43534012346118023
-1.366603245926872, 2.0114286327448765, 0.4284235116864271
-1.4702296511869404, 2.0202256878744675, 0.48235642232613934
-1.4070154723883188, 2.0776167407845145, 0.4492592653876533
-1.4080091741807996, 2.0595039464904716, 0.5382218882978276
-1.407095396218144, 2.1098945774492437, 0.44649649537367714
-1.4097577177391987, 2.0351360195394155, 0.4428430573018463
-1.5102641148843852, 2.0035700957476617, 0.5079200108785887
-1.3787689527214706, 2.1416683372361662, 0.5181268626557209
-1.349153234814434, 2.160327473028658, 0.547858794883262
-1.4185447863153613, 2.1198923690025366, 0.48945789494386166
-1.4009889621602842, 2.030430118335786, 0.45228604234020514
-1.4255621036708577, 2.0416246348011984, 0.47851276068108445
-1.3347044574994649, 2.095215979374001, 0.48825448382352216
-1.4105461027988775, 2.0870874247921516, 0.45512595569079467
-1.400442561545905, 2.0493423948866667, 0.45732404152469014
-1.4703859983418754, 2.0881529042991755, 0.43186882299167784
-1.3965499659967262, 1.9975116639051096, 0.418619055967848
-1.4364161402120403, 2.1049101274431647, 0.4241202173465639
-1.344381186950876, 2.066571315901915, 0.46874351722971186
-1.3591174220829516, 2.1119417079030987, 0.42259963501038206
-1.4493408110516672, 2.0506954833418582, 0.5423882528713053
-1.4621202245909848, 2.073876785779447, 0.41209671110265755
-1.3615866816770794, 2.01211886145119, 0.3736186791803652
-1.3866525338419122, 2.1325332123320924, 0.45784649397276833
-1.473658553304971, 2.044820653764907, 0.5080670457538797
-1.4260910063739902, 2.016192764546331, 0.4629914310383547
-1.4344106470181974, 2.0377585986896056, 0.4734977768821203
-1.3968177154352248, 2.1521654822784018, 0.4403596298825416
-1.3633376142575526, 2.0590845686890416, 0.47639484026070744
-1.4199794194873172, 2.1272563377006986, 0.5000425278663819
-1.3865185008497067, 2.0353154964403894, 0.4570428201929572
-1.4568362002124415, 2.087355246404391, 0.4363221761337362
-1.3741781259374437, 2.0471704649272877, 0.5197294978106952
-1.4511732408525573, 2.093050286540002, 0.4021542836439077
-1.4694640919417994, 2.090508968828492, 0.487871107270934
-1.4073321356070287, 2.095344293507558, 0.47245517030812945
-1.4434315175905281, 2.1143727501746703, 0.4154214498362778
-1.4205517084869999, 2.044339410943444, 0.5337388746069546
-1.4347490927585262, 2.079597854887848, 0.46930506094785523
-1.4427527581406216, 1.9789543358945416, 0.598371097110441
-1.3050518752806515, 2.0701242950970182, 0.44242031512878965
-1.4490774916101317, 1.9697709582515022, 0.4605699325914661
-1.440638484610385, 2.017934421824245, 0.4589416624242466
-1.4938992744795518, 2.092826086544392, 0.49794444919847763
-1.3865901149176043, 2.0147267540050997, 0.4243659064297382
-1.4018384838798137, 2.1242417129872457, 0.4713097632997374
-1.4277762506716074, 2.046492647162434, 0.4459067920494876
-1.3963125617423946, 2.081338902600702, 0.5111324892782457
-1.4171351076711076, 2.0325675446552576, 0.44280954106246806
-1.3888647913066257, 2.143147783397203, 0.5036505494667064
-1.4321597783954196, 2.0341808386955207, 0.48641625918017867
-1.4676912159880953, 2.1052756432131687, 0.47778373117859707
-1.479468402602656, 2.125350200723795, 0.4490848063437589
-1.3786515139502722, 2.053426167995263, 0.45635438545587015
-1.408792619927136, 2.1080961621904075, 0.5100672853625052
-1.4144170720206537, 2.044276860400095, 0.48020684359806187
-1.4508536303585726, 2.099974268885486, 0.43975856958481446
-1.382064939312698, 2.042717665807971, 0.45893674474465523
-1.4868279470462573, 2.087020246923364, 0.51023794381277
-1.4221950815782378, 2.0829607272421407, 0.446332927751297
-1.4301088217517075, 2.1205063732639564, 0.467228759354996
-1.5475177890619585, 2.046541892199573, 0.48132919617132036
-1.4268893060666064, 2.1047196366433365, 0.48598977436214386
-1.4227901683429343, 2.074322141898434, 0.4843042673337967
-1.4660506004698632, 2.0775085548772045, 0.4355988046135644
-1.3563051823952814, 2.1382132107788827, 0.46028679008541745
-1.4087392306210726, 2.0641124956697894, 0.4281817184000214
-1.3895404095175108, 2.027795083899372, 0.4521326627912945
-1.397783059292074, 2.0577202667676504, 0.4522991294980457
-1.4935113742835955, 1.9962274004705711, 0.4806250958030841
-1.4659923634061542, 2.08470422321981, 0.4327725925257954
-1.3903445453394279, 2.090798507098801, 0.43944918361898805
-1.4256419329448, 2.079342241822944, 0.4757535966511217
-1.4564463674530994, 2.0227767944569615, 0.5084462802412631
-1.3938659530561175, 2.117720402265173, 0.46167855752899367
-1.38387555240972, 2.1061655876976135, 0.44445372434039
-1.2627200566158892, 2.04443687350883, 0.4526017060330331
-1.3927946864358516, 2.041432230851634, 0.4293054167925627
-1.3869405366633216, 2.1212358875332926, 0.4633939968633254
-1.4006627023816973, 1.9871793343741595, 0.46878158998080166
-1.4030452823619102, 2.131193095231499, 0.5668439571906091
-1.4446875654130584, 2.005583390713001, 0.4533029186906323
-1.3516780303792606, 2.1115168892927794, 0.5006952782653834
-1.386839675130695, 1.9967519120637414, 0.4656644763122545
-1.4464886788287061, 2.0207496969571057, 0.4813348912699856
-1.4309422116597137, 2.0478300367113773, 0.4485630049572466
-1.3772328987664064, 2.0199233861703023, 0.4787151012733899
-1.3919400287317643, 2.1329105541461195, 0.5303423033309755
-1.5082827089504574, 2.0521614519237836, 0.48633427032402576
-1.36404123810181, 2.0570399289821455, 0.4846130556063161
-1.5037114761147652, 2.1401184986973876, 0.41200181731416424
-1.408791259564531, 2.109318689578137, 0.47728323715255033
-1.4504599705859464, 2.0416269340896216, 0.4682928292208974
-1.410817104864698, 2.059656273992801, 0.4783486616767766
-1.4615125964035167, 2.0378271363356277, 0.44916763022951145
-1.4415149272681407, 2.003545305653291, 0.45503841284069874
-1.4211597714772815, 2.1012034653662353, 0.4415188535383594
-1.3565171511090945, 2.110861735589269, 0.5272159112983511
-1.3962156091005282, 2.1187155704045817, 0.5451403156772838
-1.3559505546212993, 2.0893712363190327, 0.42624452684977937
-1.4706582938552413, 2.0571405120966157, 0.4752448829319409
-1.4793735598961402, 2.0158037687720283, 0.4867717743869344
-1.3732141368654243, 2.0344241222017416, 0.5270083379668965
-1.3844046738868276, 2.109252744558721, 0.4911794328911691
-1.4417922233588092, 2.0333330450544618, 0.47796107184303827
-1.3395775643241759, 2.0880188157198303, 0.45889435335584683
-1.523474059993247, 2.129869129000598, 0.46636197072711744
-1.4326857054789661, 2.162985560487428, 0.5025919605629053
-1.4034746832653937, 2.0637366775383152, 0.4613706815443679
-1.4313909692972817, 2.1600475196727813, 0.4874694762282734
-1.4722443389007767, 2.0766757798050595, 0.4647980648059706
-1.4151592633507137, 2.0971394601638105, 0.508051089435658
-1.441748862455368, 2.1496781107076686, 0.47111567715377434
-1.4661550857186432, 2.1619101128616784, 0.43351219498398813
-1.3977647775932687, 2.1245590066659883, 0.494394866968602
-1.4670133538240973, 2.106995378980236, 0.4388450522523801
-1.4139566788849418, 2.1171539852747467, 0.42310991149276306
-1.3902305500167809, 2.103106959364824, 0.4954488574149768
-1.3918605244304154, 2.1106914852345198, 0.45114114772434766
-1.4372774691315195, 2.0360199266692907, 0.4744511282497695
-1.4286521792921172, 2.011594441216714, 0.45683163562304735
-1.4094891695755916, 2.01763219294185, 0.4415234378671213
-1.3410488732181371, 2.071328753392271, 0.48182644613720993
-1.488039198525855, 2.094442168499983, 0.46476537752793456
-1.422068404384408, 2.0796085862975717, 0.47667673069102817
-1.3209845803027687, 2.094087583861934, 0.4697314202925326
-1.4578774975012811, 2.1096044607357483, 0.48461457922986945
-1.4707047034497587, 2.1214771556821894, 0.4751357074402559
-1.4399045027079695, 2.0530384589538158, 0.45139528075180174
-1.4392651858339203, 2.0566121685316867, 0.47347401632186
-1.3686524456853695, 2.086489723169568, 0.47391351074387084
-1.4249254358084502, 2.047326252907916, 0.45055793188592996
-1.450912851542561, 2.058300488223507, 0.5611214312540985
-1.4266036337906354, 2.090813101494481, 0.4605868387495927
-1.4263389708889298, 2.089834141040096, 0.47495232228656153
-1.4428878971571035, 2.005677990310867, 0.4516006840314354
-1.3528115518900625, 2.0924350592249534, 0.42951624047065967
-1.4206941312599963, 2.110720349794973, 0.47668878100948026
-1.4040411466001876, 2.0866572121766405, 0.45280728460467284
-1.4172943494844898, 2.0868626144085773, 0.42214618235766366